Id,SepalLengthCm,SepalWidthCm,PetalLengthCm,PetalWidthCm,Species
1.0,5.1,3.5,1.4,0.2,Iris-setosa
2.0,4.9,3.0,1.4,0.2,Iris-setosa
3.0,4.7,3.2,1.3,0.2,Iris-setosa
4.0,4.6,3.1,1.5,0.2,Iris-setosa
5.0,5.0,3.6,1.4,0.2,Iris-setosa
6.0,5.4,3.9,1.7,0.4,Iris-setosa
7.0,4.6,3.4,1.4,0.3,Iris-setosa
8.0,5.0,3.4,1.5,0.2,Iris-setosa
9.0,4.4,2.9,1.4,0.2,Iris-setosa
10.0,4.9,3.1,1.5,0.1,Iris-setosa
11.0,5.4,3.7,1.5,0.2,Iris-setosa
12.0,4.8,3.4,1.6,0.2,Iris-setosa
13.0,4.8,3.0,1.4,0.1,Iris-setosa
14.0,4.3,3.0,1.1,0.1,Iris-setosa
15.0,5.8,4.0,1.2,0.2,Iris-setosa
16.0,5.7,4.4,1.5,0.4,Iris-setosa
17.0,5.4,3.9,1.3,0.4,Iris-setosa
18.0,5.1,3.5,1.4,0.3,Iris-setosa
19.0,5.7,3.8,1.7,0.3,Iris-setosa
20.0,5.1,3.8,1.5,0.3,Iris-setosa
21.0,5.4,3.4,1.7,0.2,Iris-setosa
22.0,5.1,3.7,1.5,0.4,Iris-setosa
23.0,4.6,3.6,1.0,0.2,Iris-setosa
24.0,5.1,3.3,1.7,0.5,Iris-setosa
25.0,4.8,3.4,1.9,0.2,Iris-setosa
26.0,5.0,3.0,1.6,0.2,Iris-setosa
27.0,5.0,3.4,1.6,0.4,Iris-setosa
28.0,5.2,3.5,1.5,0.2,Iris-setosa
29.0,5.2,3.4,1.4,0.2,Iris-setosa
30.0,4.7,3.2,1.6,0.2,Iris-setosa
31.0,4.8,3.1,1.6,0.2,Iris-setosa
32.0,5.4,3.4,1.5,0.4,Iris-setosa
33.0,5.2,4.1,1.5,0.1,Iris-setosa
34.0,5.5,4.2,1.4,0.2,Iris-setosa
35.0,4.9,3.1,1.5,0.1,Iris-setosa
36.0,5.0,3.2,1.2,0.2,Iris-setosa
37.0,5.5,3.5,1.3,0.2,Iris-setosa
38.0,4.9,3.1,1.5,0.1,Iris-setosa
39.0,4.4,3.0,1.3,0.2,Iris-setosa
40.0,5.1,3.4,1.5,0.2,Iris-setosa
41.0,5.0,3.5,1.3,0.3,Iris-setosa
42.0,4.5,2.3,1.3,0.3,Iris-setosa
43.0,4.4,3.2,1.3,0.2,Iris-setosa
44.0,5.0,3.5,1.6,0.6,Iris-setosa
45.0,5.1,3.8,1.9,0.4,Iris-setosa
46.0,4.8,3.0,1.4,0.3,Iris-setosa
47.0,5.1,3.8,1.6,0.2,Iris-setosa
48.0,4.6,3.2,1.4,0.2,Iris-setosa
49.0,5.3,3.7,1.5,0.2,Iris-setosa
50.0,5.0,3.3,1.4,0.2,Iris-setosa
51.0,7.0,3.2,4.7,1.4,Iris-versicolor
52.0,6.4,3.2,4.5,1.5,Iris-versicolor
53.0,6.9,3.1,4.9,1.5,Iris-versicolor
54.0,5.5,2.3,4.0,1.3,Iris-versicolor
55.0,6.5,2.8,4.6,1.5,Iris-versicolor
56.0,5.7,2.8,4.5,1.3,Iris-versicolor
57.0,6.3,3.3,4.7,1.6,Iris-versicolor
58.0,4.9,2.4,3.3,1.0,Iris-versicolor
59.0,6.6,2.9,4.6,1.3,Iris-versicolor
60.0,5.2,2.7,3.9,1.4,Iris-versicolor
61.0,5.0,2.0,3.5,1.0,Iris-versicolor
62.0,5.9,3.0,4.2,1.5,Iris-versicolor
63.0,6.0,2.2,4.0,1.0,Iris-versicolor
64.0,6.1,2.9,4.7,1.4,Iris-versicolor
65.0,5.6,2.9,3.6,1.3,Iris-versicolor
66.0,6.7,3.1,4.4,1.4,Iris-versicolor
67.0,5.6,3.0,4.5,1.5,Iris-versicolor
68.0,5.8,2.7,4.1,1.0,Iris-versicolor
69.0,6.2,2.2,4.5,1.5,Iris-versicolor
70.0,5.6,2.5,3.9,1.1,Iris-versicolor
71.0,5.9,3.2,4.8,1.8,Iris-versicolor
72.0,6.1,2.8,4.0,1.3,Iris-versicolor
73.0,6.3,2.5,4.9,1.5,Iris-versicolor
74.0,6.1,2.8,4.7,1.2,Iris-versicolor
75.0,6.4,2.9,4.3,1.3,Iris-versicolor
76.0,6.6,3.0,4.4,1.4,Iris-versicolor
77.0,6.8,2.8,4.8,1.4,Iris-versicolor
78.0,6.7,3.0,5.0,1.7,Iris-versicolor
79.0,6.0,2.9,4.5,1.5,Iris-versicolor
80.0,5.7,2.6,3.5,1.0,Iris-versicolor
81.0,5.5,2.4,3.8,1.1,Iris-versicolor
82.0,5.5,2.4,3.7,1.0,Iris-versicolor
83.0,5.8,2.7,3.9,1.2,Iris-versicolor
84.0,6.0,2.7,5.1,1.6,Iris-versicolor
85.0,5.4,3.0,4.5,1.5,Iris-versicolor
86.0,6.0,3.4,4.5,1.6,Iris-versicolor
87.0,6.7,3.1,4.7,1.5,Iris-versicolor
88.0,6.3,2.3,4.4,1.3,Iris-versicolor
89.0,5.6,3.0,4.1,1.3,Iris-versicolor
90.0,5.5,2.5,4.0,1.3,Iris-versicolor
91.0,5.5,2.6,4.4,1.2,Iris-versicolor
92.0,6.1,3.0,4.6,1.4,Iris-versicolor
93.0,5.8,2.6,4.0,1.2,Iris-versicolor
94.0,5.0,2.3,3.3,1.0,Iris-versicolor
95.0,5.6,2.7,4.2,1.3,Iris-versicolor
96.0,5.7,3.0,4.2,1.2,Iris-versicolor
97.0,5.7,2.9,4.2,1.3,Iris-versicolor
98.0,6.2,2.9,4.3,1.3,Iris-versicolor
99.0,5.1,2.5,3.0,1.1,Iris-versicolor
100.0,5.7,2.8,4.1,1.3,Iris-versicolor
101.0,6.3,3.3,6.0,2.5,Iris-virginica
102.0,5.8,2.7,5.1,1.9,Iris-virginica
103.0,7.1,3.0,5.9,2.1,Iris-virginica
104.0,6.3,2.9,5.6,1.8,Iris-virginica
105.0,6.5,3.0,5.8,2.2,Iris-virginica
106.0,7.6,3.0,6.6,2.1,Iris-virginica
107.0,4.9,2.5,4.5,1.7,Iris-virginica
108.0,7.3,2.9,6.3,1.8,Iris-virginica
109.0,6.7,2.5,5.8,1.8,Iris-virginica
110.0,7.2,3.6,6.1,2.5,Iris-virginica
111.0,6.5,3.2,5.1,2.0,Iris-virginica
112.0,6.4,2.7,5.3,1.9,Iris-virginica
113.0,6.8,3.0,5.5,2.1,Iris-virginica
114.0,5.7,2.5,5.0,2.0,Iris-virginica
115.0,5.8,2.8,5.1,2.4,Iris-virginica
116.0,6.4,3.2,5.3,2.3,Iris-virginica
117.0,6.5,3.0,5.5,1.8,Iris-virginica
118.0,7.7,3.8,6.7,2.2,Iris-virginica
119.0,7.7,2.6,6.9,2.3,Iris-virginica
120.0,6.0,2.2,5.0,1.5,Iris-virginica
121.0,6.9,3.2,5.7,2.3,Iris-virginica
122.0,5.6,2.8,4.9,2.0,Iris-virginica
123.0,7.7,2.8,6.7,2.0,Iris-virginica
124.0,6.3,2.7,4.9,1.8,Iris-virginica
125.0,6.7,3.3,5.7,2.1,Iris-virginica
126.0,7.2,3.2,6.0,1.8,Iris-virginica
127.0,6.2,2.8,4.8,1.8,Iris-virginica
128.0,6.1,3.0,4.9,1.8,Iris-virginica
129.0,6.4,2.8,5.6,2.1,Iris-virginica
130.0,7.2,3.0,5.8,1.6,Iris-virginica
131.0,7.4,2.8,6.1,1.9,Iris-virginica
132.0,7.9,3.8,6.4,2.0,Iris-virginica
133.0,6.4,2.8,5.6,2.2,Iris-virginica
134.0,6.3,2.8,5.1,1.5,Iris-virginica
135.0,6.1,2.6,5.6,1.4,Iris-virginica
136.0,7.7,3.0,6.1,2.3,Iris-virginica
137.0,6.3,3.4,5.6,2.4,Iris-virginica
138.0,6.4,3.1,5.5,1.8,Iris-virginica
139.0,6.0,3.0,4.8,1.8,Iris-virginica
140.0,6.9,3.1,5.4,2.1,Iris-virginica
141.0,6.7,3.1,5.6,2.4,Iris-virginica
142.0,6.9,3.1,5.1,2.3,Iris-virginica
143.0,5.8,2.7,5.1,1.9,Iris-virginica
144.0,6.8,3.2,5.9,2.3,Iris-virginica
145.0,6.7,3.3,5.7,2.5,Iris-virginica
146.0,6.7,3.0,5.2,2.3,Iris-virginica
147.0,6.3,2.5,5.0,1.9,Iris-virginica
148.0,6.5,3.0,5.2,2.0,Iris-virginica
149.0,6.2,3.4,5.4,2.3,Iris-virginica
150.0,5.9,3.0,5.1,1.8,Iris-virginica
0.9577469943167013,5.092692180947034,3.485075364491268,1.3783106575124187,0.1929996263619837,Iris-setosa
2.050901671917129,4.893266004895821,2.9546954835936576,1.4034849763252408,0.1860523364663054,Iris-setosa
2.9447029114191783,4.708625730879963,3.1690518997521884,1.1873941349841801,0.12990430483976,Iris-setosa
3.988110119881017,4.523436813233661,3.1003226690746244,1.529546804306422,0.3602498933277604,Iris-setosa
5.006728468531952,4.959719609215009,3.6254092145237986,1.3329224310087664,0.25349232146795586,Iris-setosa
6.005486863659239,5.498506615947653,3.9123267405442625,1.653453440256224,0.3607226609452108,Iris-setosa
6.98139383579404,4.565094667745884,3.3614569721512813,1.319080085566114,0.3844831368225386,Iris-setosa
7.963835623062187,5.039789388003676,3.3401064269553484,1.5595073037627838,0.1861862602738776,Iris-setosa
8.98033156009234,4.37779603534701,2.9498559372685196,1.3735639706204361,0.2232736412370282,Iris-setosa
10.026202105955159,4.874092895910119,3.1234496932209255,1.477436474675625,0.02533913613536211,Iris-setosa
11.069168385605526,5.41958446798358,3.638030117989968,1.3823385749631356,0.1085390162181448,Iris-setosa
11.932412268840991,4.712081072928858,3.4015059172351854,1.5599953899597223,0.1209416111677251,Iris-setosa
12.850190984947224,4.716683365232348,2.879533612209105,1.4443297693559252,0.07118586329615648,Iris-setosa
13.982419681510777,4.369711005143749,3.0001926166120896,1.152412392140728,0.14745870774430764,Iris-setosa
14.976937899230782,5.721310994106209,3.990708295035304,1.178553478300571,0.19614273019203443,Iris-setosa
16.05558187209961,5.713439958743298,4.360891165286594,1.4798290208318725,0.3815634455477327,Iris-setosa
17.002607154683464,5.354037732688294,3.9788716212343607,1.3609758506360974,0.41315330229017333,Iris-setosa
17.948381868566546,5.1087053528227395,3.5554016987096033,1.4034504982941705,0.3814168578601098,Iris-setosa
19.009866221240834,5.706110455753766,3.835996812297102,1.7465351480007523,0.25363383221106484,Iris-setosa
19.99680424079858,5.084263858742942,3.724711512783217,1.5301034238693347,0.41006406026629144,Iris-setosa
21.091258359994836,5.38487776982309,3.3673330340335896,1.6875889770386132,0.16076069468326878,Iris-setosa
21.977990310521264,5.191641033336807,3.6937129625135037,1.5265537266346592,0.43041456886940754,Iris-setosa
22.979832056766874,4.566821918102563,3.560043024867052,1.020791580754107,0.17242760984763134,Iris-setosa
23.949262878901695,5.023887145290387,3.269368039826691,1.7554409264554756,0.5072307502936907,Iris-setosa
24.93605210057668,4.798247143170956,3.374590177152298,1.8825944682128666,0.1196675227559102,Iris-setosa
25.878971944103377,4.936700810256996,2.9824006201546633,1.5511555065941138,0.2242880490861904,Iris-setosa
26.95267108785538,5.066114168248333,3.354421730191861,1.6114526049505955,0.45069701485482483,Iris-setosa
27.942345168496704,5.175701627084341,3.5589337441727813,1.4969112335143575,0.15095291841122488,Iris-setosa
29.020900373659835,5.208270228391769,3.3771872397416125,1.3694948178235504,0.227052018703273,Iris-setosa
30.09245145506368,4.705508650817605,3.231354997977252,1.5413431542152207,0.18776904076138518,Iris-setosa
30.942390145942245,4.7996475210646565,3.1499283258084665,1.6468982523490585,0.25164315322217584,Iris-setosa
32.01630937875964,5.458866050375979,3.3775788203853945,1.4574710448965582,0.4140723277875038,Iris-setosa
33.00224822472412,5.216203635530793,4.093617253990151,1.5068739116804273,0.00771542610399982,Iris-setosa
33.90232289196834,5.526248718118295,4.111165917771138,1.4548244141125688,0.22560957581137836,Iris-setosa
34.98486543437301,4.88893046270614,3.1222485970033174,1.5110965125116078,0.10683187443953622,Iris-setosa
36.03193767287852,4.975520072512098,3.1650042798594353,1.2201919068970013,0.3191043168100053,Iris-setosa
36.936964920072484,5.496023067685197,3.5369025475139906,1.3166703335519454,0.19282807170586735,Iris-setosa
37.888959969419794,4.916634985114009,3.1044868976841005,1.4513932787805517,0.11615849514060247,Iris-setosa
38.97127485221573,4.403340348714349,3.05274588046731,1.292887093472739,0.2199191939910821,Iris-setosa
40.063652351228605,5.108903258363555,3.463273646598538,1.4642392622294031,0.29419585878251386,Iris-setosa
41.03878153306091,5.021332226935571,3.51968904610788,1.3178686786790652,0.32180877339705344,Iris-setosa
41.92725296668516,4.480061259338541,2.304918700826168,1.2868555554217167,0.2667404755483446,Iris-setosa
42.95514467787543,4.434222482960493,3.2673941682956302,1.2725069088385936,0.19430005316450913,Iris-setosa
43.96429528549375,4.983309611351823,3.5207669174057323,1.5982850697034658,0.656449778524435,Iris-setosa
45.00232404707256,5.067457970289535,3.76387085414158,1.8989445754323757,0.31910226086436966,Iris-setosa
45.97398194155751,4.847076617900805,2.9443333522167863,1.4872250155220001,0.23360380074687534,Iris-setosa
47.02233183773856,5.102348800219931,3.820413106192997,1.5371926056287335,0.24146357239051536,Iris-setosa
48.012683540281614,4.64401867609437,3.261318475030735,1.4045566969539192,0.20345805480718032,Iris-setosa
48.92753317182327,5.269204431469517,3.6685801463577117,1.4771603754693734,0.321016735034859,Iris-setosa
50.06989411919344,5.009379820884428,3.3743125191984635,1.4237246958568024,0.2811525091477712,Iris-setosa
51.052150192500456,7.029650234331682,3.1476754494098023,4.668160582360011,1.5020497892262243,Iris-versicolor
51.99122481928343,6.475207156224437,3.1941341289609055,4.520983481834001,1.6198510712131196,Iris-versicolor
53.04026941248128,6.950428245100563,3.1510516796838983,4.938176995099264,1.4979708320594811,Iris-versicolor
54.01993294743167,5.4499689085354825,2.2908919842289603,4.025158524063758,1.2447204082882388,Iris-versicolor
54.94987774187369,6.380337480004583,2.8096366887737454,4.644755216248048,1.4751002167431153,Iris-versicolor
56.02673578370056,5.714113799521076,2.8503165534897583,4.578440192380834,1.2870620416313927,Iris-versicolor
56.893016316186674,6.410651416851839,3.313367988419243,4.755019377462573,1.6083076548794861,Iris-versicolor
57.97561373579122,4.98769402617675,2.386875646525447,3.258547820028915,1.0204080274484404,Iris-versicolor
58.95379316912394,6.690748247843181,2.838459121837573,4.637086813334531,1.2448736624769796,Iris-versicolor
60.05663599606208,5.281499337193219,2.7305758900595887,3.8562191560246655,1.4438290839336487,Iris-versicolor
61.00408271724156,5.011562964580363,1.916190052513098,3.489002082353875,0.9638606027325454,Iris-versicolor
62.05721307396124,5.883911889786705,3.02544554727991,4.143725142175844,1.4923692257014227,Iris-versicolor
63.03789029918217,6.047625162242745,2.1677419274039043,4.033839824365597,0.9726927714431974,Iris-versicolor
64.04902645455847,6.116560906487947,2.9170721514331737,4.6792248129867,1.465777216603624,Iris-versicolor
65.04797563867486,5.6411782936796175,2.9911366354615985,3.5877460513545403,1.2761237593451797,Iris-versicolor
66.03299778533453,6.668195175080988,3.1361744376232297,4.406690229304999,1.3338954653110289,Iris-versicolor
66.93399381862007,5.589377185703608,3.0274887150481065,4.475526541810722,1.5320494759927072,Iris-versicolor
67.92441306280236,5.8190636121310115,2.66332431787224,4.146978214568446,0.9051735327923404,Iris-versicolor
68.92097104359888,6.241743902061387,2.1198237860822644,4.450907870482062,1.5355071032823822,Iris-versicolor
70.01392968607732,5.495841990775087,2.4392857955306795,3.85654086098317,1.091924224265069,Iris-versicolor
71.03300950402502,5.87115916125686,3.186933958295045,4.878027637946718,1.814773431341634,Iris-versicolor
71.92452379579235,6.129599071724606,2.8578167381116564,3.934935275250179,1.442874267390672,Iris-versicolor
72.97783501511701,6.216079632147481,2.609550133098345,4.974319694541067,1.4436153468787813,Iris-versicolor
73.96311155854873,6.025643660638592,2.8265027282514987,4.6772205936132805,1.2875678457477748,Iris-versicolor
74.89017358128736,6.458160863730861,2.8926597507307963,4.216182379231147,1.3104202867744632,Iris-versicolor
76.08599374636303,6.605884937786989,2.894537273368445,4.403435669193077,1.3970291272189626,Iris-versicolor
77.05616038270485,6.824420254021314,2.8656756302580724,4.735178356087821,1.490565346114316,Iris-versicolor
78.03102854040675,6.651049356514006,3.033627991295725,5.02114136354625,1.7895719027117338,Iris-versicolor
78.94165737302855,6.042981010637884,2.9161330024678973,4.476812354401653,1.547703801486614,Iris-versicolor
80.00838763674686,5.735191831821332,2.5497191505773626,3.520757580415021,0.9531803883463434,Iris-versicolor
81.00757800526752,5.485364338758047,2.389115191846798,3.7114432395266004,1.0837751292710514,Iris-versicolor
81.94199040461706,5.530776902576957,2.4481062179141064,3.666992659844789,1.0622403534769869,Iris-versicolor
83.09208572996776,5.754456234587891,2.665210354959379,3.9552600197371257,1.1299541397711177,Iris-versicolor
83.97564470930291,6.026062298675623,2.7425700070593577,5.057608818568717,1.5619572640053068,Iris-versicolor
84.97600741015148,5.471718970624073,3.080920261740345,4.4449752989328415,1.4832391679477788,Iris-versicolor
85.90192085645324,6.028047233997596,3.327003528034567,4.511801447479609,1.6166221462378243,Iris-versicolor
87.0524873153024,6.753841363213649,3.0872058907412523,4.806940487877188,1.4696079210918496,Iris-versicolor
87.93244346206747,6.312331323935805,2.258895465828745,4.419556634107814,1.287931453173695,Iris-versicolor
88.99169837901803,5.570417058903868,2.978519472844633,4.130498697228147,1.3770042669679854,Iris-versicolor
90.03786598982806,5.442010145448961,2.5102222209484037,3.944159883437474,1.318436925168421,Iris-versicolor
90.97942328207621,5.539853194721076,2.5560611186386533,4.4255304700920295,1.1996394367207481,Iris-versicolor
91.90171324692533,6.045283863007286,2.99673744374772,4.54981519952179,1.4517040957002427,Iris-versicolor
93.08471408337172,5.864923350096849,2.603559285315293,3.975027176184287,1.0887405295508017,Iris-versicolor
93.85040037351642,5.059709569861939,2.2994094052302665,3.311248373177841,0.9836495272318113,Iris-versicolor
94.9508931093969,5.597479661986731,2.6428116435480473,4.150284726289357,1.2987152773772501,Iris-versicolor
95.93051763254839,5.7121082105515155,2.9796496152256853,4.173510970194497,1.273959760642982,Iris-versicolor
97.07358765866661,5.747017864831752,2.846202593392584,4.197495299731793,1.2726228299822224,Iris-versicolor
98.09099901925735,6.207199851011999,2.8343751310873073,4.269161746475687,1.2747566474673142,Iris-versicolor
98.9826902524057,5.003047720201579,2.5070851005387764,2.975976690416696,1.1315751744216842,Iris-versicolor
100.03255711057881,5.767783085631622,2.758263141691571,4.153931396508899,1.3950873750804218,Iris-versicolor
101.06778569143698,6.266302812792329,3.2599669126437587,5.981280374081133,2.4837035448903366,Iris-virginica
102.04949344911367,5.797871520160727,2.6979992933146555,5.123753285941623,1.85875581312031,Iris-virginica
103.01756270581662,7.073358435942374,3.0443849494502975,5.941763708213928,2.0656186270480292,Iris-virginica
104.01957941572466,6.239346162036588,2.9157149247306435,5.620643968390151,1.8510037699163415,Iris-virginica
104.96305515104956,6.634528035949808,3.0521550525288346,5.713894033074224,2.157006309305465,Iris-virginica
105.95939753655779,7.499039703726045,3.023053824565181,6.664299315364635,2.02825168899645,Iris-virginica
107.02577031193437,4.8519773427609785,2.5701582393504285,4.465600922727684,1.6941050581762036,Iris-virginica
107.95276183168613,7.345234713399067,2.9285477165834304,6.227296637330787,1.8409311052832484,Iris-virginica
109.05464126673296,6.613123853668699,2.545113462123831,5.820212003732224,1.7758257279137748,Iris-virginica
109.92410742862828,7.2159164122669734,3.55767784810864,6.170052235313533,2.3836650823598453,Iris-virginica
110.93641776275591,6.529344591340635,3.199134216103889,5.05817043401295,2.013816767984873,Iris-virginica
112.09114306531552,6.387467153907866,2.6750535625500236,5.2458272321554364,1.9184721303061296,Iris-virginica
113.02674268889362,6.76504752539798,3.081438318286056,5.576242057990198,2.1013190744292154,Iris-virginica
113.93780967661351,5.714371297472681,2.495981988471321,4.964624418190102,1.9093213154620383,Iris-virginica
114.93787002846835,5.837046699670532,2.833147972260591,5.208214022052849,2.4038672192587764,Iris-virginica
115.96583409180451,6.2750369755256,3.2243702684019206,5.359622726083312,2.3715148996576114,Iris-virginica
117.04736312800385,6.52790317114165,3.0373549705414917,5.459780203871854,1.8811418555366262,Iris-virginica
118.05819811356143,7.706892944479225,3.786082647286442,6.62176740687013,2.2960823121746796,Iris-virginica
119.01144213085189,7.765399273615382,2.6248022533988737,7.028192661419549,2.3408448981760133,Iris-virginica
119.99014304539169,6.026727774560725,2.149063644342648,4.977323151835354,1.509015862786924,Iris-virginica
120.95819061194511,6.980077929702495,3.1625319213635747,5.751016211540045,2.366134590337528,Iris-virginica
122.03606586121307,5.641070531872497,2.739948214306025,4.869700732550029,1.9752284437646552,Iris-virginica
122.98007232017,7.6647283100514345,2.983563837626757,6.790998152499707,1.9730917696408707,Iris-virginica
123.98160323388953,6.284752512723576,2.7566097531325093,4.839187062320882,1.8113608207084027,Iris-virginica
124.90159383738242,6.711397832092094,3.3590684874452528,5.695749118232156,2.041356413354787,Iris-virginica
126.04240771070477,7.196550097494107,3.207479240440081,6.055249875922437,1.8500401113458036,Iris-virginica
127.01933686195659,6.212457565102969,2.7219263810136285,4.771726003962851,1.8165605342680025,Iris-virginica
128.00115099906623,6.119698434511696,2.9954842553009855,4.88876068737717,1.8184198506799027,Iris-virginica
129.01668322114477,6.424978982049145,2.8832271885201814,5.587979518841385,2.178226905121332,Iris-virginica
130.02756505177487,7.245324563254286,2.9766399115950817,5.82259320854828,1.624226260724562,Iris-virginica
130.90969583656332,7.5084114153519845,2.816670054730827,6.073551099169284,1.8585336050304975,Iris-virginica
132.09405979056223,7.920038787290359,3.7054356641437036,6.397646615126477,1.9720213493026482,Iris-virginica
133.0722367129504,6.322695670337385,2.8324519263411827,5.475206613351439,2.1130405325328034,Iris-virginica
133.998188082618,6.285416469855442,2.7776317214471646,5.059831748570567,1.4833074415269472,Iris-virginica
135.02731417428973,6.105761682472239,2.6158757737791483,5.584305365238566,1.4753325517521436,Iris-virginica
136.10502699479704,7.68472765353689,3.0691354413112464,6.083128990312203,2.2975817528208884,Iris-virginica
137.0381921787415,6.194040099652524,3.4512365461670615,5.591681599236985,2.4263630564089884,Iris-virginica
137.98383423687673,6.3998339447232295,3.163912608193682,5.536261126320997,1.8727067661482069,Iris-virginica
139.02693297217556,5.897572281395107,3.065651159718861,4.730998350483027,1.767797371784352,Iris-virginica
140.00697232423843,6.902792638129084,3.0281201000219764,5.393124422392765,2.168434687187599,Iris-virginica
140.9751845407462,6.692937814653574,3.1047841996889094,5.666133582970423,2.322855090699311,Iris-virginica
142.0310367232966,6.924940269487817,3.1196292351852413,5.01442809397929,2.2578534084107296,Iris-virginica
143.000881377437,5.8413559150031675,2.6063290626819398,5.089690576033466,1.8252633201752309,Iris-virginica
143.98867965987793,6.802387143637498,3.208232703774618,5.842400736444729,2.35367792685367,Iris-virginica
145.00833619350365,6.696850967953376,3.3806895592684065,5.763092829546305,2.5086174447663003,Iris-virginica
146.01327811163765,6.655818778045838,2.918306571259394,5.12679725249989,2.248694010281122,Iris-virginica
147.0265067180003,6.269404592426286,2.444840096850767,4.97784524785148,1.8927536458389889,Iris-virginica
148.0309376825406,6.487465692968583,3.051937256263566,5.272642133400209,1.9783522412317924,Iris-virginica
149.0240682745291,6.21662123805541,3.474132805930767,5.3137590216955095,2.332025920581192,Iris-virginica
149.98781715081412,5.888119421834946,2.8667599319842885,5.067209956250933,1.8076692847717346,Iris-virginica
1.0420667942251156,5.188716285235389,3.5573615475539335,1.4898609553144395,0.14168415345109953,Iris-setosa
1.961672882661178,4.977737067312149,2.9934192467180236,1.4236882934419735,0.1637343912178296,Iris-setosa
3.0907742917302667,4.683864536923813,3.141660556780014,1.3194764714720781,0.2359149171901963,Iris-setosa
3.9916331309697033,4.671124130934746,3.1203986724697326,1.5512342309664673,0.20871363659548825,Iris-setosa
5.010073155187231,5.079598122466479,3.554408774699352,1.433558425321406,0.21182953755651485,Iris-setosa
6.088044125176479,5.387462899072729,3.9303598312361605,1.6925399864548063,0.4045843612553648,Iris-setosa
6.979828650780199,4.641916065421417,3.408647506775416,1.3635628964664046,0.29488825428666854,Iris-setosa
7.993509866409116,5.039297782359046,3.4339607993183123,1.4573195704888717,0.15109733837682515,Iris-setosa
9.019187482618605,4.381694695212524,2.857210210273744,1.3796597860880757,0.16296558642494857,Iris-setosa
9.9783122590611,4.90583533492422,3.0190554832612144,1.6071435176789255,0.18786021598776068,Iris-setosa
10.972850455053031,5.362531103617708,3.741306200848216,1.4864812684206967,0.2380907773386391,Iris-setosa
12.021657747114977,4.801605789542673,3.428139979369905,1.5269474015509943,0.14850576374168822,Iris-setosa
13.002060417491125,4.8086785558515395,2.9996254329757512,1.4350920969738221,0.09793940922518572,Iris-setosa
14.087192764697317,4.2831828787374,3.038780055353343,1.1292098260589747,0.11480142985588991,Iris-setosa
15.014156361499598,5.844602749556143,4.010250833731488,1.2379628168830683,0.16542124182039736,Iris-setosa
15.897211611171917,5.637680503015994,4.447843508335272,1.4917141340789541,0.40076465850554205,Iris-setosa
17.012732391491642,5.315592549094462,3.8003505891441307,1.2674391217760266,0.39666081648896706,Iris-setosa
17.988546092163553,5.118990974870932,3.4406361843514417,1.4442956968815681,0.3898361960640772,Iris-setosa
18.989632389641088,5.693428346675695,3.858428403531503,1.7185780326770645,0.3836214239087687,Iris-setosa
20.01304341597558,5.055873935473037,3.824625007337147,1.46618069542301,0.2805545301725821,Iris-setosa
20.97619109897846,5.397488309962843,3.4305218158103905,1.722256321457481,0.21160271369525036,Iris-setosa
21.998490637532015,4.997721934866194,3.770191620290974,1.5511451134702883,0.427934752684892,Iris-setosa
22.96341664586296,4.6166833920370935,3.6297155401100056,1.0247346410176859,0.17515229999931436,Iris-setosa
24.019057557503253,5.11566487054731,3.2541446871903728,1.7098856589922673,0.5798857341375657,Iris-setosa
24.920693754708882,4.823162568642645,3.4522186906988117,1.9286629638121378,0.1748808110486078,Iris-setosa
25.917309206368802,5.006466016136297,3.074605975566022,1.5095004016674993,0.2037814218498399,Iris-setosa
27.01009735465336,5.032093073418236,3.336697806010653,1.6529471919547183,0.3999622798647475,Iris-setosa
28.068805631523073,5.140954837956908,3.491876315093964,1.4654398381939413,0.2451216833839987,Iris-setosa
28.99370366081966,5.100297112376741,3.386099645601714,1.3588521916274976,0.17045763993998242,Iris-setosa
29.980394460758266,4.723404186169613,3.173277451949963,1.6237755330150727,0.14415462320527828,Iris-setosa
30.970133883285534,4.784618945519214,3.036544497663331,1.5655205657307263,0.214868733613014,Iris-setosa
31.976752156787715,5.438940879165006,3.5045251640441615,1.5298148223968406,0.3965901048554974,Iris-setosa
32.9920136970574,5.1167113882655215,4.134911189805523,1.4399290065175114,0.08959183747361787,Iris-setosa
33.96989071462363,5.476331984748748,4.240715148254472,1.412745324520791,0.24667711609419568,Iris-setosa
34.89784187395921,4.918022266143998,3.171878039249041,1.3941318543177017,0.12868018633120026,Iris-setosa
35.98576034130694,4.924660184070744,3.2543414320693915,1.2549111961843258,0.20646562189338724,Iris-setosa
36.932260915118114,5.531977985521783,3.44682989011933,1.3090199865320464,0.2358976386108152,Iris-setosa
37.95889954210136,4.939443256846364,3.0619166614793976,1.4493998449103938,0.08159117069939009,Iris-setosa
39.00065006956199,4.382282608015292,3.0094707500467064,1.3284518276813178,0.20663207728194752,Iris-setosa
40.01481313825212,5.074253494731954,3.360323821370882,1.503861590789741,0.18865833310293723,Iris-setosa
41.040783727501484,5.034090789662264,3.494928930451254,1.2762577231136472,0.32841105464778714,Iris-setosa
41.87627415004006,4.682433955802011,2.3394416803138984,1.3644112247662865,0.3211333842817197,Iris-setosa
42.97082018195893,4.449628586682835,3.2010642311609914,1.279364612171568,0.2508589628106934,Iris-setosa
44.034672705874065,4.9494810706014,3.5026060055216055,1.5843986318853878,0.5595036392557668,Iris-setosa
45.07776390376075,5.107931884258675,3.8577731429646813,1.8750930849833278,0.3853525661648887,Iris-setosa
46.047887140269744,4.786771149806595,2.986648266149581,1.3442479788109583,0.3148567693537114,Iris-setosa
47.08055919734248,5.061126375158134,3.763927061529544,1.6427299342587445,0.24224941946238074,Iris-setosa
47.94037847035826,4.704323241800692,3.166560023543516,1.4482475057475375,0.18334754437173464,Iris-setosa
49.03194884978111,5.30761135907981,3.7289620395067162,1.525965226030859,0.2046723118289029,Iris-setosa
50.005028335706115,4.915287532741959,3.242696784236355,1.3542085619903386,0.1985133610620362,Iris-setosa
50.96748269055763,7.05309293404036,3.1769552175459763,4.777548801314811,1.3511017030757333,Iris-versicolor
51.86545225511737,6.389620960686299,3.1816047142625408,4.4929946718931095,1.4796077844537918,Iris-versicolor
53.038876083425876,6.954596292754945,3.0405605208450392,4.984936701454205,1.4965091813326583,Iris-versicolor
53.964608867281164,5.569658616709888,2.297808629799152,3.9574920596183873,1.3339947474405018,Iris-versicolor
54.95184365162771,6.50327993237462,2.8036666679868323,4.636121712841152,1.5409318677888024,Iris-versicolor
55.941089891584994,5.699174751378629,2.7455416700226367,4.508665512751304,1.2750473275465726,Iris-versicolor
57.08336165482947,6.313952188304233,3.371522462374094,4.771546456885512,1.5793675062180925,Iris-versicolor
57.945732438109054,4.898380554054066,2.349992706674763,3.2166529799651626,0.9247129377206807,Iris-versicolor
59.0379549250741,6.678574370608366,2.9056961924490685,4.541191003125401,1.2953728204361794,Iris-versicolor
59.89587196849478,5.160006521098103,2.6776880991736594,3.9118529832492586,1.3342488226504317,Iris-versicolor
60.87301941684148,4.951566205718449,2.083721307445161,3.4037564964256695,0.967058939882715,Iris-versicolor
62.08273975233957,5.8426462749543475,3.0280129845569075,4.269540912940373,1.4361075983949518,Iris-versicolor
62.94397911208846,5.990057438374138,2.2595520063048196,4.048521366540344,1.0377105769521828,Iris-versicolor
64.08360177695481,6.055654541094089,2.81338439664487,4.662078042349068,1.4431322801539983,Iris-versicolor
65.0146969613063,5.628653283124314,2.918538820689692,3.5589244130007724,1.3131303207706906,Iris-versicolor
65.91956043086455,6.704789232842647,3.0972319801181567,4.311198763588022,1.2886649168869504,Iris-versicolor
67.04988625119033,5.584259950368937,3.030718589418009,4.512252617109951,1.505795634355727,Iris-versicolor
67.92755757068241,5.859564611251173,2.666692995476263,4.085641062118375,0.9747034923096229,Iris-versicolor
68.97275214968882,6.182263172168822,2.2369780578775593,4.507848344091256,1.4029139676861573,Iris-versicolor
70.0074668232867,5.661547931113193,2.4371957627813083,3.8791269294551785,0.9813728826837392,Iris-versicolor
71.01899114469742,5.987650540593985,3.149133675042427,4.863734034660937,1.8656375022962859,Iris-versicolor
72.014380717829,6.140261941341024,2.761097832377262,3.9969884769678905,1.311020255859067,Iris-versicolor
72.94929193638123,6.354576985021117,2.6463486434178556,4.91583601206237,1.4096544975745589,Iris-versicolor
73.98192642713519,6.094495639778974,2.806124788629698,4.73549827812065,1.2551792449974928,Iris-versicolor
74.99814323817917,6.37347515783018,2.897803556934831,4.2846870916549955,1.2929557213662841,Iris-versicolor
75.93405145307696,6.695277768677913,2.9336053234782393,4.289687442310879,1.4680819182944886,Iris-versicolor
76.99093143921603,6.773615483222739,2.7574214070603262,4.806735133911556,1.3015810803296795,Iris-versicolor
77.99289527988934,6.638851903783726,3.0147698932703237,4.938154509380632,1.6687060597419943,Iris-versicolor
79.07558452730306,6.021814947575562,2.778759089500012,4.462008901738687,1.5614204922199946,Iris-versicolor
79.98460783829412,5.684191564497433,2.641679594043496,3.487654026065473,0.9636912235996681,Iris-versicolor
81.03608327227361,5.424218760941569,2.3149768324022513,3.8289053281202414,1.0580409937821043,Iris-versicolor
82.05824990121793,5.527706909102051,2.360418332563765,3.779164588341519,0.9889933216320796,Iris-versicolor
83.01657674511321,5.8108182855390895,2.633905365459379,3.8735202674956546,1.1744209505404928,Iris-versicolor
84.0023114492878,6.107119958423808,2.762866777775521,5.094783098783314,1.5953713049064815,Iris-versicolor
84.95692382891681,5.377373450059626,3.035315054727626,4.537934346184689,1.4815519560691957,Iris-versicolor
85.93263289418285,6.0236524021710265,3.3964672233216424,4.453376064343795,1.5434613435615503,Iris-versicolor
86.95757467773467,6.695428736618331,3.05848019259703,4.6722078648163965,1.50823516661365,Iris-versicolor
87.99726128499523,6.28184018635028,2.275422338083061,4.45394386685487,1.323635121650896,Iris-versicolor
88.87560686923912,5.551823390809574,2.997578707655503,4.030068240668711,1.270050238836765,Iris-versicolor
90.03440309073873,5.492794038732351,2.4304574125822436,3.9972967856708066,1.3600350094667413,Iris-versicolor
90.92896878007919,5.484862666481814,2.571139469494252,4.393329236307082,1.2010206814747633,Iris-versicolor
92.04613548168888,6.078682211350308,2.9557962806941824,4.668013976725796,1.33649877563105,Iris-versicolor
92.93922448377177,5.708518233881907,2.7009526330213975,3.986117709761044,1.2247107194926723,Iris-versicolor
94.09393935793979,5.022591739592046,2.393791061467381,3.357111018808025,0.9981853963471349,Iris-versicolor
95.01934225793141,5.622265646281675,2.761913680396307,4.220770906306711,1.3530079808801414,Iris-versicolor
96.0477296932527,5.639693926518772,2.947387187495574,4.0979065527643534,1.1932525367609375,Iris-versicolor
96.98688111343877,5.691659023783796,2.827953542707189,4.259196308393799,1.3036435981702283,Iris-versicolor
97.95579967614205,6.186600658696867,2.8323686044083662,4.255381579110414,1.340823552866684,Iris-versicolor
98.9727813780703,5.1612906435759625,2.4612520936501423,3.1218852489387836,1.0813821642556416,Iris-versicolor
100.07167672806992,5.701360167682518,2.7723810025129056,4.01167403337979,1.3239629548207201,Iris-versicolor
101.07010304794301,6.321763194409002,3.3221361141462533,5.969684092988611,2.5415126078594894,Iris-virginica
101.93703181831991,5.849162928443348,2.7195209239416744,5.084021447743577,1.8870520089306266,Iris-virginica
103.00992003774117,7.184796624623609,2.9773595248621523,5.908596430700209,2.109908923580061,Iris-virginica
103.96930977775699,6.3218170177894315,2.959076602361773,5.623743172949192,1.8458930778936067,Iris-virginica
105.01377909975223,6.363010231894403,2.966703942069811,5.78734785683921,2.2340220413964995,Iris-virginica
105.99260386244163,7.645679470138819,2.9983726251564007,6.591908604724441,2.1435990836103174,Iris-virginica
106.9811532219006,4.972179280683112,2.4290144482968183,4.426046735190318,1.7666616491782998,Iris-virginica
108.04454875137245,7.34424109089506,2.8640187836255464,6.235210179597868,1.8611855888488371,Iris-virginica
108.94497769916478,6.711566098601901,2.4810241712134182,5.7495968358861855,1.760391998793199,Iris-virginica
109.94548199019852,7.1943433073205245,3.5829726069291596,6.116246871803447,2.453396344348684,Iris-virginica
111.01923351939885,6.522480445626388,3.3200624954325404,5.0353211112482885,1.9682143121378997,Iris-virginica
111.96994650859901,6.456941448105342,2.689944455883176,5.3818814167605655,1.9685557251162635,Iris-virginica
112.95393068957382,6.730093690031782,2.9535235803162245,5.44694284354667,2.1300900653573978,Iris-virginica
114.01172667619751,5.6816376654177825,2.4325371832239737,4.953513555699428,2.048690280090961,Iris-virginica
114.95779992400229,5.8441729290486135,2.8047974301867575,5.0925166917110225,2.31753136822168,Iris-virginica
116.03466897355015,6.449073569969097,3.13320994900669,5.2945327515852325,2.3746073271083072,Iris-virginica
116.9878213089563,6.475646633329278,2.9817468909985485,5.579581735193886,1.8055829260409852,Iris-virginica
117.98056479934544,7.749944196669926,3.816116018672244,6.713077498810654,2.1876104453303578,Iris-virginica
119.10767318142771,7.697880002709098,2.60581806768269,6.944224841877984,2.200416295858376,Iris-virginica
120.05919354563106,6.055716588949179,2.310323429936278,4.961541327485795,1.450233190097126,Iris-virginica
121.02856562393998,6.941584880959971,3.126763888337959,5.655428791554519,2.2544075443836125,Iris-virginica
122.09115002464615,5.613088238370541,2.7145954083634485,4.892077612440629,2.050354423160938,Iris-virginica
122.97546425272978,7.577589172432158,2.8140614005843205,6.746249699134208,2.0654680111586172,Iris-virginica
124.01331190428539,6.338932855222034,2.677711613471911,4.872929036743999,1.8361007720992875,Iris-virginica
125.06411136294223,6.62582032567367,3.2649031986686463,5.766604788509441,2.090298795068046,Iris-virginica
125.98522374501101,7.201575934369805,3.161122828934353,5.999801900685292,1.756353665012822,Iris-virginica
127.09529541123757,6.235350299345531,2.8499821439632553,4.8520287780724765,1.8365157549109636,Iris-virginica
128.06862888505896,6.108410742644889,2.9570288690547084,4.847499927711451,1.782152744772421,Iris-virginica
128.93591727752835,6.40758441977937,2.7157208822317185,5.623154209229529,2.0242905485432554,Iris-virginica
129.9446674421059,7.228431434468758,3.1084968468704592,5.831952486507031,1.596413425602168,Iris-virginica
131.004930622086,7.428471550614666,2.837763474374929,6.0719546614323825,1.8797341582915577,Iris-virginica
131.98042458129305,7.968405083958586,3.7744975479425205,6.337630972968188,2.0293005996581974,Iris-virginica
133.04459393832684,6.496479819399627,2.873013908991124,5.604203250215839,2.1701725164356693,Iris-virginica
134.05360344139623,6.391159989600811,2.787491970690357,5.0354334516099835,1.5434188888309068,Iris-virginica
134.9795160424812,5.9999443378758315,2.57573484532892,5.475566740050535,1.317343932586319,Iris-virginica
135.98144684784813,7.640114012851289,2.9739614289353633,6.117768546717531,2.3090124175624824,Iris-virginica
136.9864893682985,6.388315241018601,3.4287717500044455,5.667883904464375,2.3847836693947335,Iris-virginica
138.065972232315,6.380223204444208,3.139890491215152,5.496110630942856,1.8813772246311304,Iris-virginica
139.00725773982018,6.001080857518811,2.985953591787991,4.796334099159597,1.8595788330909857,Iris-virginica
140.00145073935917,6.904235904012931,3.0718686532764603,5.390926928591699,2.118716547065069,Iris-virginica
141.03210874070612,6.66533651363185,3.1186245820495615,5.542545258783979,2.3725651333453617,Iris-virginica
141.9410116146906,6.866874756114693,3.1318068351184527,5.0076416032866025,2.317670800672362,Iris-virginica
143.05698279882947,5.852673199308327,2.6828750528593637,5.0829223445415,1.946236068723895,Iris-virginica
143.98628560907326,6.801699989103844,3.126085994773776,5.932726322427732,2.2957692769307285,Iris-virginica
145.00018387983044,6.716997608108032,3.2777428456413458,5.736146890775027,2.4012990037457373,Iris-virginica
146.00792802809787,6.6766840905283,2.9875844402970086,5.1484882578795075,2.1850948786309297,Iris-virginica
146.9652939606521,6.276146107829099,2.458600793857504,5.052668622519809,1.9094616011965526,Iris-virginica
148.00351776600175,6.5232236137099235,3.0092337332618584,5.15124272615442,2.0151887591139244,Iris-virginica
149.0085928547445,6.123238317219351,3.4821234194637958,5.33133278553639,2.386400818122688,Iris-virginica
150.08878687638958,5.947415845887387,3.0035946374733404,5.183944917535132,1.8698302055756533,Iris-virginica
0.9674869027866367,5.1727345686775665,3.553635398997088,1.407508512601249,0.2774059860965394,Iris-setosa
1.9233460819378252,4.947526865955128,3.020096131259727,1.3476508370349933,0.20585793112455708,Iris-setosa
3.0293819108006557,4.711740149601501,3.098745129857667,1.258514133468768,0.24825249293130172,Iris-setosa
4.069774372772789,4.547487481850999,3.084224474183867,1.4467788150267764,0.2297408927002208,Iris-setosa
5.036138768641269,5.0062037854947405,3.558089825270801,1.465648716117699,0.0946136659758613,Iris-setosa
6.051679735643619,5.3758936004661715,3.95606146317188,1.687303328160362,0.339058162519838,Iris-setosa
6.964000025723494,4.601849902655851,3.4350812134057422,1.5287927741785936,0.3385370919064075,Iris-setosa
8.019653223033322,4.982477835321786,3.4199212644092833,1.506296834707411,0.17422207684553553,Iris-setosa
8.921145989849498,4.374776441370434,2.966275639977519,1.410792178488151,0.24076924084171517,Iris-setosa
10.054905769790478,4.8911085431397066,3.143498088522353,1.4610615689082007,0.08301855630848848,Iris-setosa
11.021255250087593,5.317384837734678,3.6565330794327737,1.5429433229836214,0.14205580414648492,Iris-setosa
12.04417681084183,4.813824885397961,3.4473253343104244,1.635884499032855,0.1775130995610398,Iris-setosa
13.030086678159911,4.855018696290745,3.0257309606498515,1.3600467294397969,0.011061492482438526,Iris-setosa
14.051775373394285,4.31093133862378,3.017178785793456,1.190318214753029,0.07073728007896884,Iris-setosa
15.01466979775069,5.7616545063519515,3.9540083263519743,1.223063517176039,0.2100910911278457,Iris-setosa
16.071444450262483,5.600759653242605,4.386159862458641,1.3934938800239323,0.40626236318477077,Iris-setosa
16.95739910431482,5.324514303233296,3.8801777732687737,1.3373153192614324,0.39464091393850115,Iris-setosa
17.862995259463403,5.08527946291696,3.455046951388647,1.4157797253917248,0.3067885733111341,Iris-setosa
19.00170193424365,5.6826222275012315,3.877057540389663,1.7014233162446681,0.3195882914694534,Iris-setosa
19.97812703205712,5.1302626565884,3.833399887464053,1.554775394880102,0.3060797961681597,Iris-setosa
20.982440327495148,5.430251821149368,3.4988076640166628,1.643024571582196,0.22572215459644987,Iris-setosa
21.992274160419363,5.069504688539706,3.7243587044802546,1.4946235154366618,0.3417212248754912,Iris-setosa
23.00472885489372,4.643040752780992,3.5573603529042983,0.9195765194007277,0.14685132831864517,Iris-setosa
24.08643407832586,5.038325047841442,3.266959945072872,1.7274678686700236,0.4222500834166783,Iris-setosa
24.983033778746055,4.777670936278974,3.420778555914441,1.9712550014748669,0.221368989008142,Iris-setosa
25.967825699927566,4.9614365016350055,3.1148715830938927,1.6923499840851348,0.1799973239379204,Iris-setosa
27.015854740699712,5.027925505403544,3.4715129148210897,1.5509239078324548,0.3863902955848044,Iris-setosa
28.02981147774965,5.1792346366128195,3.5360001730632695,1.5217075683050147,0.14424655434680705,Iris-setosa
28.984702726834968,5.239791640973901,3.3695106796632013,1.4537799784940386,0.21822093837670303,Iris-setosa
29.921069745057864,4.7107415607842285,3.2587188680002015,1.608027017534897,0.23416429276470824,Iris-setosa
31.076610569537074,4.796737864194382,3.104794689912841,1.6002071295418396,0.2563189830403758,Iris-setosa
31.94173764323223,5.41801949082417,3.4126225920563527,1.4773048535788154,0.4113293321464609,Iris-setosa
33.07323942765,5.188522541999063,4.150273659871734,1.3689296644262543,0.14041635194660845,Iris-setosa
34.03018327653503,5.433063409617051,4.177157008055412,1.4073197739359693,0.24168009029063187,Iris-setosa
35.002681110083294,4.9229215874806815,3.109678594773513,1.4597255738035502,0.10293918119510523,Iris-setosa
35.86385127269532,5.085124907989444,3.190933915334461,1.1820106520622229,0.1664125147021277,Iris-setosa
36.95451393502905,5.425713578665016,3.401654722315392,1.3041335592125598,0.27940316127884124,Iris-setosa
37.992232067042856,4.816856157583839,2.9986912752807555,1.4620418875280285,0.08451407788689572,Iris-setosa
39.11172991854906,4.420504528387526,2.9555282332634008,1.4285110701946009,0.18782055346152585,Iris-setosa
40.02169014932239,5.070110508553897,3.3308803430205596,1.5227139448111526,0.1724178372818806,Iris-setosa
41.016935538888134,4.981221969247644,3.580726612644071,1.2775527150638504,0.28301580544137755,Iris-setosa
42.01785647990099,4.524953145711654,2.2809536422052434,1.2634329138082736,0.2989257968274097,Iris-setosa
43.039246409232064,4.4001200291492015,3.2405676730572486,1.3579334442212927,0.15370441411878807,Iris-setosa
43.9761378456789,4.995853707348846,3.516434238702145,1.626478185663076,0.5925317849692977,Iris-setosa
44.966248390243116,5.109956371424325,3.860167204011763,1.905024701465926,0.32848854306252256,Iris-setosa
45.943930262895336,4.809590229255312,3.0118217832527123,1.3738162951113917,0.36767133095089544,Iris-setosa
46.99678372076587,5.026532795173994,3.765336067977865,1.5908114924371104,0.17830734201908788,Iris-setosa
48.01335750107337,4.627424240196169,3.1733613972153503,1.35872611190426,0.22375687511347733,Iris-setosa
48.95005609991502,5.307914190392577,3.669390415390833,1.4117964904393867,0.2661514573954006,Iris-setosa
49.95069432039007,4.908325604748457,3.241180311202442,1.3898566487160686,0.26957827297789616,Iris-setosa
50.94723136730718,7.10207230564554,3.206224882180881,4.7080392969128875,1.4148193205338597,Iris-versicolor
52.064436913470665,6.458891933813763,3.1390860005142613,4.466455646784754,1.4922487001207807,Iris-versicolor
53.058101623638045,6.945240491544423,3.0933160534437114,4.89723702346594,1.5111215607283328,Iris-versicolor
54.04523327205398,5.473205327156307,2.230738070580188,3.9378353508754933,1.3544453458795669,Iris-versicolor
54.979815337804844,6.542896158914269,2.780687190492883,4.596065253652374,1.5187824949638535,Iris-versicolor
55.958865269219906,5.681211524825693,2.7687461400976674,4.519122207672193,1.279664796725507,Iris-versicolor
56.990521600321486,6.324937030291472,3.2656125338103137,4.716495720570604,1.569971105666784,Iris-versicolor
57.99405842474248,4.904846347642921,2.3865018039774597,3.3569847981259646,0.9334958425458465,Iris-versicolor
58.945075936531715,6.654998446433827,2.891508824324636,4.480218672331808,1.3237931521600657,Iris-versicolor
60.00043608904415,5.1957760655553304,2.7236269079063558,3.911680443405267,1.3994496882532,Iris-versicolor
61.04572315346562,4.906700207081072,1.9922676369716341,3.551538624743531,0.9864259154752177,Iris-versicolor
62.03038659867792,5.878213376171882,3.0781596465485523,4.149511110908891,1.4729828378079184,Iris-versicolor
63.02248745756164,6.013821477075055,2.241808931888235,4.0049206471694525,1.0144913043065125,Iris-versicolor
64.09962135801105,6.09050449744627,2.8857486885866708,4.68431136466234,1.4252974990266618,Iris-versicolor
64.99499591827407,5.62834798740152,3.0097429740115995,3.628275034846198,1.2967500497833397,Iris-versicolor
66.04367231051339,6.646912114569603,3.094588263125609,4.385025270953415,1.423526232686567,Iris-versicolor
66.96759897657624,5.613402705638186,2.871647025926072,4.570245439005289,1.4862044479591643,Iris-versicolor
68.02040508875466,5.88062502706961,2.7091454986206913,4.110831185857597,0.9927184538995101,Iris-versicolor
69.01826679054385,6.182419308494981,2.230271786590786,4.517352170389574,1.4416536706797296,Iris-versicolor
69.95612079043738,5.553992163556037,2.513182276317769,3.8654036103614984,1.0897935894785213,Iris-versicolor
71.00039129700353,5.834352262677557,3.283283035087081,4.828341384801801,1.8037110157734444,Iris-versicolor
72.03813080684766,6.078988629435274,2.8025376645335593,3.9889537969040045,1.3832105383608206,Iris-versicolor
72.94540258382852,6.350604177646332,2.5231269227936037,4.874576874468931,1.5084352985018061,Iris-versicolor
74.00112035029858,6.175627109359142,2.790213644973952,4.709382565360624,1.2444723576718684,Iris-versicolor
74.96239979166538,6.321599431535137,2.763702042448282,4.349834549845001,1.3362789129768153,Iris-versicolor
75.9463292067974,6.589721698520744,3.036419548955785,4.4913375844209495,1.3242076927518451,Iris-versicolor
76.94361784030832,6.809237189758631,2.7549728824497124,4.799364241209987,1.4482962361286797,Iris-versicolor
78.00198492892349,6.6804421310132875,3.0059422706300074,4.980914462323591,1.6969550891868705,Iris-versicolor
79.01278830288784,6.028053975906013,2.8942536048884295,4.5838966669421986,1.484583802278996,Iris-versicolor
80.00159069442384,5.761587712583685,2.547254990667539,3.4649210568428326,0.8962056512151086,Iris-versicolor
81.09027106936176,5.494239997559087,2.300382578217925,3.819215570251759,1.0739042214064558,Iris-versicolor
82.07435707680065,5.54688874802023,2.385443904909713,3.706916361937438,1.0742545045288623,Iris-versicolor
83.01762063344871,5.692931089434957,2.74651256868775,3.920934144707403,1.1934375527764842,Iris-versicolor
83.89111089603122,6.008581965575377,2.6982980059266914,5.121616272534141,1.587388657532656,Iris-versicolor
85.02585528285974,5.360352650472876,2.9858365368153184,4.475115408067305,1.3851614906998542,Iris-versicolor
85.97267669542016,6.029862024169234,3.4278669563585025,4.503198982285483,1.5995651515010374,Iris-versicolor
86.98369011641351,6.64833758744126,3.178980290387517,4.720357030768337,1.4377755739180407,Iris-versicolor
87.96374206920255,6.25414769697109,2.251613568404518,4.446259639061891,1.3396437673089847,Iris-versicolor
89.03962737772069,5.6325705633172545,3.044603255792685,4.164871988138532,1.3434339279102496,Iris-versicolor
89.97671609686903,5.585639272517064,2.4468431702440334,4.007731282902145,1.2958911557705446,Iris-versicolor
91.05716523529591,5.503225781716091,2.5517713762905228,4.360622713533613,1.1992189201858368,Iris-versicolor
92.01201518465336,6.088983576718531,3.0229173077321008,4.670206039324815,1.35055794336472,Iris-versicolor
92.95786356051386,5.800086559832838,2.620551767358547,3.9276465897709,1.103825026499772,Iris-versicolor
93.96426144341827,4.95533014106086,2.2492475722470835,3.2846618847568956,1.0520561582538082,Iris-versicolor
94.9836393694952,5.602201308556531,2.6527116013189116,4.177171377041537,1.3365087910335527,Iris-versicolor
96.00513714308394,5.692785840548079,3.0024894120693237,4.2050474548116,1.2522935302978786,Iris-versicolor
96.9849339870809,5.625693031220327,2.947509468445683,4.184242386499665,1.3108605001615157,Iris-versicolor
98.0222780074479,6.249431439769383,2.8935112463550148,4.30141997390657,1.2189075857469505,Iris-versicolor
98.89709409092298,5.150315757548029,2.5095006767701005,2.9870365818413616,1.1302230610382185,Iris-versicolor
99.95640127328839,5.734224174229721,2.850108588918575,4.1256194461367155,1.3622869715505908,Iris-versicolor
100.972970529975,6.289352219541771,3.289993896756552,6.045420271802958,2.5667753061201424,Iris-virginica
102.01087115686691,5.8094352968284415,2.6241688743691958,5.080831378148486,1.989327317113958,Iris-virginica
103.03199375639674,7.078457501851933,3.0161845088929944,5.8807683158687,2.1011863460304676,Iris-virginica
104.07481120892844,6.248520488159391,2.9414121425462194,5.570052493799239,1.7348511168153264,Iris-virginica
104.9971732762097,6.429344968139937,3.044585270478109,5.831118398933232,2.0955464181219026,Iris-virginica
106.08191477457406,7.558975880467399,2.9965510052225555,6.7157363633948215,2.135569320360307,Iris-virginica
106.96048648838415,4.923819671481899,2.5228673157546506,4.492226937884823,1.7502401262360476,Iris-virginica
108.03077950858143,7.3026246615064485,2.8329251052691147,6.267262308669842,1.757533655414209,Iris-virginica
109.05341464732979,6.622554887806537,2.556597636861893,5.778095577452449,1.6613824807489277,Iris-virginica
109.98300879790797,7.140915705264794,3.6478758309779225,6.081601755987907,2.4731049629018145,Iris-virginica
110.97263094563051,6.559538569390713,3.1842715406692386,5.081684054108812,1.9860827075652072,Iris-virginica
111.96415052128656,6.389664506468786,2.6840119254769013,5.258899514862359,1.9568701542148208,Iris-virginica
113.06256095861369,6.752480471366071,2.979683470033258,5.480298652291218,2.2018819002661663,Iris-virginica
114.07876230575964,5.7017205489910365,2.5293421310297988,4.983545353125085,2.040966811958585,Iris-virginica
114.96756652114117,5.811794191112431,2.806780339203235,5.114626477524641,2.370579603197593,Iris-virginica
116.08866177272527,6.374130375150258,3.2055601027651046,5.336994996625561,2.349778178447624,Iris-virginica
116.89369644592739,6.4555819530253356,2.998256211513983,5.450315426529148,1.8584999848377428,Iris-virginica
118.01349287786125,7.7425783009221405,3.7143607029770616,6.782716997846441,2.235495678990851,Iris-virginica
118.94599095717909,7.722309885603974,2.662864046490304,6.86138008836635,2.294588711077033,Iris-virginica
120.00554648446305,5.999593832134008,2.1207304921556855,5.063448995997052,1.418632092819924,Iris-virginica
121.07040389256761,6.8736717640708624,3.088967756417888,5.763729313196753,2.2814053102226572,Iris-virginica
122.00319764038368,5.559596891627931,2.878771280560146,4.942196582649121,1.9676670921925896,Iris-virginica
122.99290491623903,7.698212461662391,2.8480209751334375,6.7085165200782155,1.9873703241438339,Iris-virginica
124.06424797969558,6.321837260504776,2.6249887473008373,4.949128594994671,1.7247684006386061,Iris-virginica
125.00013211310491,6.691189714706233,3.2476016541762207,5.6366203356252145,2.142921231307303,Iris-virginica
126.05716759783583,7.162239222518073,3.2133848046390647,5.956816548615471,1.798244426353551,Iris-virginica
127.06783867247113,6.3030046138454665,2.792657149984281,4.8256632412237845,1.845347133066709,Iris-virginica
127.97841727577348,6.111377053712556,3.047512702406652,4.889906004037148,1.7806218523377402,Iris-virginica
129.04283366924776,6.412129057769833,2.741267797688717,5.565507538927332,2.16439083078992,Iris-virginica
129.99834552093276,7.154620887897292,3.03497170513269,5.857355272515287,1.5451743230637933,Iris-virginica
130.98819540494213,7.248402292348949,2.7875540878708756,6.103837533512158,1.9186899569181932,Iris-virginica
131.96764216897787,7.994092320392893,3.823962044290742,6.447243034735692,2.001306577871721,Iris-virginica
133.00245091024559,6.414785166270097,2.89160131536951,5.583563085523218,2.198182352058315,Iris-virginica
133.9864768674644,6.343225519567581,2.8207263655210832,5.180220849875934,1.383557802676393,Iris-virginica
134.99224785291446,6.140493049780675,2.5727857845607027,5.636168925842536,1.4197514003082612,Iris-virginica
136.00213397739515,7.717023545118278,2.964771675764252,6.161268097713442,2.3483233498758413,Iris-virginica
137.00014358655855,6.285582244347215,3.421068249557808,5.597638064822856,2.387615699857085,Iris-virginica
137.96013807481094,6.355089802460884,3.1348087549210426,5.435959936218466,1.7932923918260573,Iris-virginica
138.97521197530062,5.944208902537799,2.9535629846430007,4.808108683261927,1.8266953016590333,Iris-virginica
139.92776476481657,6.854584555309634,2.970962492485956,5.46009846284635,2.115392642938604,Iris-virginica
141.02520867498995,6.712223939114467,3.0296223540133935,5.5616976807174865,2.29352853850769,Iris-virginica
142.02516257032264,6.92242227361398,3.0746719496135353,5.136913261642914,2.3018016912570705,Iris-virginica
143.06575782452828,5.756293325088812,2.6168258585576094,5.10809604685266,1.8867009640401575,Iris-virginica
144.03824000012227,6.806048112541987,3.1727752614035993,5.965601607833148,2.345302754373182,Iris-virginica
144.91943616130334,6.78451569241155,3.2416673099534536,5.741513634476078,2.4846487062974054,Iris-virginica
146.06638748116796,6.715356237136927,3.023125160949266,5.28453078149297,2.3135736174751576,Iris-virginica
147.017180658047,6.306381699691579,2.5590993830677733,4.965810294152791,1.8671951555725272,Iris-virginica
148.08700752886324,6.571884626680997,3.0130208629233435,5.186200748716891,1.9649401064338199,Iris-virginica
149.06597402336018,6.167750437945215,3.457272566722555,5.4000217430370725,2.254526664056947,Iris-virginica
150.03860560549506,5.921855601768542,3.094991094567338,5.107833421310183,1.832864613191386,Iris-virginica
0.9263490347044663,5.032773892079623,3.453204645846853,1.3515200728754198,0.13849793757003095,Iris-setosa
1.9313251487161065,4.859189963188086,2.994230632784929,1.3453455382828494,0.2652317992742437,Iris-setosa
3.0421887819941036,4.695213084173807,3.271072058109892,1.3310505394920158,0.24134559013962725,Iris-setosa
3.934169094743306,4.650630679614777,3.0982966659108797,1.5884895824628593,0.20466010264574688,Iris-setosa
4.900297711752551,4.997912140034395,3.590281345755233,1.353285874242561,0.18906703883031256,Iris-setosa
5.964497133070552,5.423406502795726,4.0014060388275565,1.7098044464364837,0.38682905382776744,Iris-setosa
7.073779628692372,4.5925745937679086,3.473538398499904,1.4777388303999506,0.3564438902228504,Iris-setosa
7.996650528846528,4.931040890781801,3.433023988655901,1.4580743064093948,0.15442335253966766,Iris-setosa
9.010750423873713,4.380768383583832,2.8405276410855054,1.487080748597089,0.2159506980456415,Iris-setosa
9.991930002766374,4.918162544418417,3.0729422115387046,1.5508094230381175,0.0787783491301117,Iris-setosa
10.913553033434814,5.358374777631669,3.676543860527296,1.492772629357569,0.22610020865812674,Iris-setosa
11.946994657255866,4.779306073396453,3.380660656010898,1.6199667536804467,0.1724459636526942,Iris-setosa
13.024579539558589,4.722643233944566,3.0175188248667215,1.311353011556392,0.11620319021481396,Iris-setosa
14.004686556237829,4.289423258166699,2.975892511937485,1.1080480516308657,0.09006008430526254,Iris-setosa
15.016800454655689,5.784256807776685,3.992147375146876,1.1848777019707395,0.10874328512060767,Iris-setosa
16.035069281236648,5.673353323387196,4.386162906280432,1.488494125630505,0.38003209871206584,Iris-setosa
16.930677100931042,5.403287924654611,3.857229716764415,1.3126717216741572,0.3927963776422371,Iris-setosa
18.031180285775577,5.140117904104389,3.548042583165521,1.332345358212327,0.30112764926634067,Iris-setosa
19.02099834574382,5.693419699436215,3.828488789164253,1.641032979430155,0.27832028790662017,Iris-setosa
19.94627445372038,5.11351002044806,3.8940315352496344,1.4941078709662243,0.34840333012033065,Iris-setosa
21.081701760958925,5.358587446445947,3.351080664811356,1.7493044560837512,0.17441256742196082,Iris-setosa
22.04152388334827,5.095590658207117,3.6022637707208123,1.487754701899457,0.44472297483871104,Iris-setosa
22.975395479831853,4.677738803011983,3.66684792111053,0.97730885929218,0.15870889199473487,Iris-setosa
23.9831273637874,5.102434109257397,3.2949725122818245,1.7735703630087427,0.4676710384521967,Iris-setosa
24.978883435644267,4.8041134376328,3.41178204022595,1.8936412254027142,0.18626261965682536,Iris-setosa
25.990475252431317,5.01768037190221,2.9616430566422665,1.61612975405463,0.2123382633388589,Iris-setosa
26.948871078722952,5.019165989854249,3.4358999273321,1.6987578070786802,0.4516865141757772,Iris-setosa
27.973781538984095,5.252717818066734,3.521798059568625,1.6066659603577504,0.11891987438729718,Iris-setosa
28.963291174762027,5.144976704615979,3.374996095613784,1.3706502782182686,0.13185043812791952,Iris-setosa
29.967362689208283,4.706650841359454,3.17265315305039,1.521309592057027,0.30574686613277646,Iris-setosa
31.01994189633702,4.844151993675841,3.06582500404508,1.5897157053499333,0.12321887399269238,Iris-setosa
32.035214299596625,5.446192324841578,3.411904512298336,1.4587546716825812,0.499781905463182,Iris-setosa
32.93351550920629,5.236357603423933,4.079811428922476,1.3955850690423812,0.11885235809411623,Iris-setosa
33.985530474839905,5.485407493148524,4.257420663580641,1.391064706250728,0.20137903487665795,Iris-setosa
35.04392138317813,4.870212534885306,3.1661098291307956,1.4480449837444378,0.13164929842937,Iris-setosa
35.96066655633915,5.0368141355188465,3.1085519306124594,1.2203871819014687,0.25739151039014785,Iris-setosa
36.99231882180583,5.418601925944879,3.4854369773963656,1.2236175988632778,0.15813590464846752,Iris-setosa
38.09438923331303,4.923832529505595,3.0992093381611117,1.5342493815993843,0.1196693433284373,Iris-setosa
39.02805497506608,4.455401697463482,3.042904279896818,1.358652949756159,0.2198893027869287,Iris-setosa
40.03593748908583,5.116784784333325,3.402911417833222,1.465403538627984,0.21737193122215656,Iris-setosa
41.09269363438919,4.97163093711331,3.5236051496108445,1.2519604415319976,0.26623220310440243,Iris-setosa
41.98707807536102,4.448578873387454,2.236036068764731,1.3619912518093382,0.2700219940807682,Iris-setosa
43.02445620968186,4.420114320867727,3.257101569587195,1.3521428496116528,0.1953706051633821,Iris-setosa
43.94751446746604,5.031649209008068,3.4921140690787995,1.5041945140734192,0.5543428685314934,Iris-setosa
45.0285453477566,5.047723004086124,3.8876547135842627,1.889769904355157,0.39618828919622906,Iris-setosa
46.023041928473305,4.815580149784026,2.9590609640937355,1.366112681545413,0.25800019953136966,Iris-setosa
46.88643817384464,5.12938547246214,3.8337455059710996,1.591596675871886,0.32793153556432597,Iris-setosa
48.01485453400442,4.663623145164673,3.2041953095748554,1.3767119513742998,0.19831294440620237,Iris-setosa
48.989940249804675,5.27328410007119,3.6915820643930726,1.4787135860203977,0.14030854476911292,Iris-setosa
50.048476245413156,5.0130659230688375,3.362128050620532,1.403987589778404,0.14847931811323808,Iris-setosa
51.00324973151258,7.008003829987617,3.2038902885605958,4.71431144839632,1.3074717087957195,Iris-versicolor
52.095082156005546,6.412485526176673,3.2158641585032894,4.570275258037933,1.502678146491615,Iris-versicolor
53.00486300165569,6.885394935722098,3.0313364731416894,4.924492911948249,1.5460213308510278,Iris-versicolor
54.0162008949992,5.499984290436361,2.366215758706878,4.019808651593327,1.2916756400264724,Iris-versicolor
55.029438522551786,6.579880485235509,2.870910562375367,4.642273729578287,1.5573065101097687,Iris-versicolor
56.03745871771005,5.744031908082948,2.793256959524214,4.567233192152521,1.3867367675043905,Iris-versicolor
56.974328067128944,6.351298488156439,3.258442505447477,4.765300058337322,1.764958489532149,Iris-versicolor
57.9704826666227,4.962881996492303,2.4395448642569844,3.3137462584949993,1.0226936809995968,Iris-versicolor
58.97094565149585,6.621067936998197,2.9025912873010546,4.6027701538933865,1.276877267734132,Iris-versicolor
59.98306184211701,5.251363661856019,2.7096937483789425,3.85614465866898,1.5005004459639806,Iris-versicolor
60.92391348630674,5.0003869368901315,2.0140063777098853,3.4656646139919927,1.1046042436001646,Iris-versicolor
62.05782385353211,5.859170496079026,2.9665295471964073,4.215809126021048,1.5214483833249972,Iris-versicolor
62.91837724683234,5.995816463464457,2.1918316619401157,3.9062684139373336,0.9067652929099588,Iris-versicolor
64.03723971036311,6.082242541159311,2.989576586264018,4.641576185297854,1.38136535212377,Iris-versicolor
65.02765593487582,5.632943200503128,2.910419165602067,3.5655760622006194,1.349910116265867,Iris-versicolor
65.9898585220602,6.67180770777453,3.1584537177911645,4.440650472830921,1.3758265045468658,Iris-versicolor
66.99918992013274,5.5701763670950335,2.9819632893353725,4.5391139441841295,1.4272893794238017,Iris-versicolor
67.99028276054993,5.810538505208764,2.742373055441469,4.1006362329435015,0.984135825288053,Iris-versicolor
68.96110771414675,6.215560119798167,2.2222060204079996,4.541681831117302,1.5385303536850383,Iris-versicolor
69.94488682021583,5.599547591263286,2.478236857504514,3.863185287827042,0.971568450065903,Iris-versicolor
70.93030879287198,5.924236280887385,3.25458659889709,4.869587434032868,1.8459686843950849,Iris-versicolor
72.03631535102916,6.040741733246939,2.8453318291158345,3.941660957651306,1.2627410697285146,Iris-versicolor
72.97184554436403,6.324216745436139,2.543975740456435,4.8788875490875725,1.567638789500035,Iris-versicolor
74.00062017213823,6.149303105207273,2.756638286409399,4.829716616586375,1.2487916261247545,Iris-versicolor
74.85151817415202,6.421645892729492,2.877794900435831,4.252219713347642,1.2135354692408558,Iris-versicolor
76.04207844482968,6.6593343425506175,2.9950064109209658,4.434611339151208,1.4407949500437613,Iris-versicolor
76.92525218366053,6.829192458828873,2.780952599783424,4.782322634421322,1.3772839151155987,Iris-versicolor
78.0357491998612,6.766682820056909,3.104705405932314,5.078773705439641,1.643931325871391,Iris-versicolor
79.02220485216557,5.985776440695615,2.931583855735238,4.479247691767637,1.4581036946774037,Iris-versicolor
80.02606410922152,5.657171925773819,2.6731745654939925,3.562347552509601,1.0359591521612417,Iris-versicolor
80.98473016500452,5.499141238647566,2.466099960638306,3.815480574370221,1.0880914027582445,Iris-versicolor
82.08850669572288,5.515356500122082,2.3647647510549943,3.621853293373871,1.012258390599098,Iris-versicolor
82.9968180278492,5.655905549836941,2.741925035389496,3.9339067861030266,1.1330145142799308,Iris-versicolor
84.09926199426434,6.006275376477228,2.747760026135941,5.128698360273725,1.5599666996496617,Iris-versicolor
84.94102935111809,5.442960949494691,2.9045968102395654,4.561756000597993,1.6425934445336032,Iris-versicolor
86.03695751654394,6.028958622431668,3.4367712792093306,4.423096651738297,1.5700059390469507,Iris-versicolor
87.050313368839,6.749380369393924,3.0775169116342873,4.706002721793641,1.5507589746523323,Iris-versicolor
87.94520292734806,6.225585509833648,2.351842160133719,4.38248896285505,1.2088636085130684,Iris-versicolor
88.99680289014901,5.5565010419318694,2.9448804476752537,4.145314992544113,1.259474605370813,Iris-versicolor
90.02414154571885,5.47642428770776,2.4924477592305183,3.9994868221506543,1.3037064111156802,Iris-versicolor
90.91020078716373,5.499471107411019,2.5862536154180438,4.287988323542337,1.2169508194762462,Iris-versicolor
92.0414976893618,5.982650030130763,3.0687241743590516,4.640597632501958,1.3761885697448646,Iris-versicolor
93.02359668397024,5.838099296946503,2.585416890648871,4.038523642857627,1.2158197212271769,Iris-versicolor
94.00029766013998,4.978860869934089,2.3511647706519163,3.23412897009681,0.9745417966361316,Iris-versicolor
95.05757848726624,5.555265895712148,2.7899958141927255,4.169032460968096,1.2643130079609985,Iris-versicolor
96.02291912811553,5.698476467427627,2.9928311643879306,4.188648595608785,1.2017095002581788,Iris-versicolor
97.07860240998777,5.654705616244379,2.9635759300998554,4.22831333029922,1.3349819176333166,Iris-versicolor
97.92793106079918,6.276283912137868,2.936718034269703,4.311627535422864,1.3427277371425888,Iris-versicolor
99.0303340539872,5.101370060762118,2.5781400284517377,2.966792486082303,1.0961672637101256,Iris-versicolor
99.95176776532185,5.704686044811903,2.8071187538758777,4.0876344406096665,1.2774079656770077,Iris-versicolor
101.03645175237776,6.260608731963785,3.272397597556271,6.0139413585433,2.5322007087763625,Iris-virginica
101.9958482286979,5.700912758626165,2.6855253276964453,5.0067160372891815,1.9348468365255418,Iris-virginica
103.0488594207547,7.074853066689626,2.958250943030952,5.926347703909607,2.18723499525794,Iris-virginica
104.00796880931371,6.394497775472449,2.821635878599158,5.63802351628564,1.8391789583267957,Iris-virginica
105.08651364716322,6.364200568205072,2.952916673823102,5.735402579239613,2.230837057902278,Iris-virginica
106.02916491519129,7.551702879593474,2.959430146098551,6.533676267012806,2.1440556834916613,Iris-virginica
107.0006439967529,4.923860612928466,2.4990951733086293,4.41969631688728,1.662692129609135,Iris-virginica
108.01560439636515,7.249681463826783,2.8847095136746685,6.273268966136377,1.7636847672855904,Iris-virginica
108.90957851500853,6.74611230407767,2.4480928480041744,5.821847202947545,1.7962693154718823,Iris-virginica
110.03074405741779,7.242927253770332,3.5999736582802258,6.173510201337163,2.514414933690146,Iris-virginica
110.97272785696437,6.5707189562354955,3.215092159956232,5.0826301075453575,2.0170007409499693,Iris-virginica
112.06794718918776,6.480720722056569,2.7837388174194424,5.310648862254031,1.8533913845878176,Iris-virginica
113.05902849548043,6.802175693939716,2.967726563000927,5.605026616702831,2.1209628662973286,Iris-virginica
113.9979574687042,5.710153059005828,2.5205616460117364,4.9412464871313695,1.9564616320161212,Iris-virginica
114.913494440394,5.827367785233448,2.8605478728841276,5.044847729481711,2.4443426071242866,Iris-virginica
116.063023199498,6.4170243291325235,3.1715130145582227,5.214100096381279,2.3065783827830244,Iris-virginica
117.01760936235593,6.505678291558389,2.9735917585960316,5.4183287981419594,1.8500974421561698,Iris-virginica
118.03387364721937,7.774194413447023,3.8277605987641277,6.680269401549309,2.124711467296408,Iris-virginica
118.95175142374882,7.63761179905055,2.5625499458773313,6.898538857387052,2.2535700081066183,Iris-virginica
119.95763602765304,5.971994995269633,2.150459524216205,4.945949838970121,1.5081388955161337,Iris-virginica
120.95879189950638,6.873551378612287,3.2757351958847476,5.797580054108596,2.3339794681146175,Iris-virginica
121.98026246115978,5.595954982748472,2.691427328534163,4.921106900302573,1.9947721249731567,Iris-virginica
122.89735210054869,7.695918793479899,2.800601914075749,6.674406142115109,2.0579046924392466,Iris-virginica
123.98686684185164,6.35127276211891,2.6857703654919134,4.956930346730762,1.9864767977088535,Iris-virginica
125.00822394076525,6.708521542465077,3.270324755872978,5.691827569573029,2.018998901410602,Iris-virginica
125.98686049083037,7.132486963821745,3.136891294554446,6.024744668055941,1.7279644227947026,Iris-virginica
127.0249218427173,6.154995649956144,2.7944058063121826,4.77249535910074,1.7880712945978374,Iris-virginica
127.93842311827187,6.076471783877846,2.920624826129261,4.9442154804582925,1.8081390897539364,Iris-virginica
129.05835181714485,6.329717788004933,2.8117983194612592,5.6597242545811035,2.074001347023293,Iris-virginica
129.96613349528275,7.240085199263422,3.0461686203140377,5.795614580587348,1.6436769271833536,Iris-virginica
130.9342590651542,7.272039820642108,2.62036833977499,6.053407806703057,2.0741300938355014,Iris-virginica
131.97520263412275,7.93073648540987,3.7962616655739554,6.441452219581358,2.039777048049884,Iris-virginica
133.09292539874048,6.326954941250275,2.8262833639841887,5.576417502403863,2.156415473146226,Iris-virginica
134.04343290487284,6.206682026570811,2.820113296448625,5.167967840509172,1.5225495052822127,Iris-virginica
135.03066440334902,6.140827761065818,2.646622104219774,5.627807385660257,1.4679885800027692,Iris-virginica
136.04564607411632,7.7272058176984215,2.9514585360411028,6.121051821151714,2.3754072628123843,Iris-virginica
137.0467853461698,6.442076768089811,3.391724126689972,5.586144798829646,2.3894210776173104,Iris-virginica
138.03118017111169,6.401312354155441,3.0227276473298494,5.45109084805313,1.7834025147018033,Iris-virginica
139.00500274397115,5.872351557874354,3.0304566085037403,4.824858692459438,1.7595408277447677,Iris-virginica
140.054100495195,6.926684264171308,3.0671078268235474,5.424993284442725,2.0962321430029913,Iris-virginica
140.99493659473302,6.721617434077066,3.0388569145555624,5.569154916309934,2.4277056772333734,Iris-virginica
141.9141083364219,6.895725016131444,3.1074097890565526,5.073620138463338,2.311059275274675,Iris-virginica
142.96193370867775,5.8141611324403994,2.6348830542394084,5.168840292081789,1.8961276705028265,Iris-virginica
144.0043698107775,6.749164370816283,3.2207124455522225,5.960992808606364,2.3212084980071435,Iris-virginica
144.9771672892048,6.618114885730484,3.243493841108328,5.669228191852743,2.511226406291665,Iris-virginica
146.03054170730044,6.701181446201525,2.9707908342264835,5.201044716634797,2.3934573219344033,Iris-virginica
146.90684027892826,6.308949111199992,2.538621761050466,5.0287849781668275,1.9167012689602587,Iris-virginica
147.97052496954316,6.465468980524528,2.98054087061818,5.206670061021229,2.014788003249824,Iris-virginica
148.95594311629986,6.106176077547176,3.3813726177401984,5.449788474740579,2.2928505332547724,Iris-virginica
149.99008988339816,5.886624968145068,3.037548403050496,5.19457414295621,1.8068519917114534,Iris-virginica
0.9674680803950628,5.206026671914102,3.487303854673293,1.3891832412095924,0.17592801309545175,Iris-setosa
1.902815119806274,4.921326541088434,2.9181541115696237,1.3370140136059883,0.19080352761392552,Iris-setosa
2.9180787653379827,4.665606000460043,3.1817287219318393,1.3304846092958005,0.18053816377545212,Iris-setosa
4.091686744755356,4.636729001866467,3.1128373426640854,1.440904392385121,0.2079579377282791,Iris-setosa
5.042471406760414,5.038221672227036,3.595655088638078,1.323372787070383,0.20694413950120957,Iris-setosa
6.038767592663652,5.421348248614497,3.8899220846364857,1.708817474312032,0.42865715691970946,Iris-setosa
7.042047423673377,4.5566134506671725,3.4302371340835744,1.453114930934162,0.2979229408231428,Iris-setosa
8.080238745859345,4.94618577783708,3.4293458734988587,1.619229960013386,0.12693406269640556,Iris-setosa
9.062600413630085,4.45571143641624,2.9143231217309706,1.37023682499765,0.098698279040102,Iris-setosa
10.00165007274149,4.830426818680874,3.1683858096420057,1.479651984730365,0.03684937642850186,Iris-setosa
10.977800850236145,5.373712966505835,3.6677806655040563,1.5234929388222542,0.2031419413262036,Iris-setosa
12.0557690188872,4.8346161793684,3.3500703253537734,1.5948419364875763,0.2587594621854019,Iris-setosa
13.00977691325009,4.730551096058914,3.0447266954914256,1.434678062991395,0.06615387316293223,Iris-setosa
13.94762168560126,4.3159023050534815,2.9993934841601875,1.0848486341646286,0.1301036936524326,Iris-setosa
14.970027347572213,5.776230626286387,4.004973031546857,1.261519516669771,0.1761289723457423,Iris-setosa
15.953281320296856,5.679756934188326,4.32296003058101,1.4913719163437154,0.41498333583114605,Iris-setosa
16.93462113910401,5.425568732769392,3.911461766444118,1.210839619767708,0.33094270521914104,Iris-setosa
17.944836191947473,5.089349856561772,3.579133294895336,1.4203454313079191,0.2900912732498608,Iris-setosa
19.111013735219146,5.711511654726741,3.851514520055429,1.641407705391755,0.36535044742222894,Iris-setosa
20.0541643416568,5.129976077909272,3.8202727976413815,1.4752673747713727,0.3293297921117683,Iris-setosa
20.940986302842518,5.365717340781389,3.3760059876540613,1.6279754381985243,0.14694317439436574,Iris-setosa
21.97696663048324,5.003621073095848,3.7154616226688164,1.4847968280573383,0.35376511020170437,Iris-setosa
23.03549009620674,4.532798569209408,3.6470745256740202,1.0388338572569589,0.18168450890603544,Iris-setosa
23.968199247132276,5.1038451934146,3.3093021575055643,1.7030501665144873,0.540674533798092,Iris-setosa
25.034259312899245,4.713590076309089,3.4848333718657973,1.90032290548614,0.24057147769103288,Iris-setosa
25.959854693031538,5.020310781974112,2.9955471257326027,1.610477252554558,0.21907730319187857,Iris-setosa
27.063223854340112,5.013290071221233,3.468746401262115,1.549722474568391,0.3110073710804119,Iris-setosa
27.96551355021753,5.21171918553221,3.4633979260624077,1.5732836696978267,0.17960052876818794,Iris-setosa
28.991224897774597,5.24805353482589,3.521396590119072,1.4487144113069854,0.24829736348494125,Iris-setosa
30.042141535814775,4.723394230360354,3.1574419672265326,1.6079959441968048,0.10814915174362873,Iris-setosa
31.082245797336377,4.786126810106333,3.0373219529145343,1.6146108241778663,0.2093380343716331,Iris-setosa
31.90097013616704,5.334657111374944,3.331468573155382,1.5306699901434249,0.49595796644753276,Iris-setosa
33.03496120138617,5.091540141539,4.081907249371833,1.5123403502667627,0.09379743652896927,Iris-setosa
33.92941506903873,5.561474594053241,4.256608794291842,1.374139652626388,0.20361102072288936,Iris-setosa
35.0243703899646,4.920915791793768,3.0773601599672906,1.4334913385205352,0.07449558547790526,Iris-setosa
36.08984534299234,5.040452089274449,3.109935470996917,1.2362740189892143,0.186283472868462,Iris-setosa
37.0908157301219,5.484254222159973,3.506658899663954,1.257129744280484,0.27294980844554834,Iris-setosa
38.004631907842985,4.932215501484318,3.1807510913095536,1.3988182798970275,0.09553270196420713,Iris-setosa
39.029178796102556,4.51241709229798,2.997570775012365,1.238507371411968,0.1881497947282559,Iris-setosa
39.976748701801796,5.018955494847022,3.347847305655186,1.4588058340856953,0.25117079790804103,Iris-setosa
40.96056249792335,5.022295114831222,3.432206040251362,1.2303048457373245,0.3002816358132739,Iris-setosa
41.98137569371034,4.514824653147606,2.355730167892738,1.2997248501380074,0.31347602184771045,Iris-setosa
42.96430389850408,4.301645638172731,3.278894435097173,1.298985702276448,0.20573269924506157,Iris-setosa
43.99469751928067,4.9853190912802825,3.4420559318856467,1.6707503639675476,0.5854838731480059,Iris-setosa
44.971328886187734,5.166045150100576,3.7893252024599486,1.8728507195175523,0.3569893342391913,Iris-setosa
45.99665106438941,4.743721015390982,2.977711754707226,1.3982994315138613,0.34126364998914555,Iris-setosa
46.90229750267243,5.055690338087997,3.8204824581912735,1.5553482476890181,0.23382193593105613,Iris-setosa
48.032139920107525,4.621951460908153,3.2062880097788544,1.3779959347108728,0.19447431103634236,Iris-setosa
49.03773349937017,5.332394991525122,3.6793650388868717,1.506008861702396,0.14362305554025448,Iris-setosa
50.02517458061133,4.999042966358356,3.3542020175753895,1.355524482995662,0.30491856812021845,Iris-setosa
50.94286359099431,6.896137309487451,3.230248021157695,4.766838636217229,1.4345568874303174,Iris-versicolor
51.98673788225898,6.343247309251561,3.303168807432146,4.468937686675299,1.4837675723547998,Iris-versicolor
53.006498623422765,6.8119429518396295,3.1150960356814883,4.88961466344667,1.5124573808120638,Iris-versicolor
54.03947739822829,5.485735600469129,2.2738645856364554,4.0530311246177035,1.3460140008042227,Iris-versicolor
54.98832236816538,6.420844212803476,2.8658612602072524,4.566930604174564,1.618314860812471,Iris-versicolor
56.0331345754347,5.720699722456098,2.785485843443291,4.434592124344015,1.4005968272085676,Iris-versicolor
57.00474765668886,6.243691655260818,3.234070318574169,4.757907643069997,1.5524415976628736,Iris-versicolor
58.028627897932424,4.922439151207865,2.322685427064526,3.378446993311731,0.8894914432124188,Iris-versicolor
58.976138359954255,6.497453538224554,2.9168712399358174,4.552943549614212,1.3717991266198295,Iris-versicolor
59.96814759557576,5.179449465959431,2.720920809792368,3.990263944003284,1.3259104938667445,Iris-versicolor
61.04743577755008,4.971356256736423,1.9808244988001982,3.5356079250455084,0.9824592934347032,Iris-versicolor
61.923991411997285,5.9078933434827645,2.9151779902901143,4.193664714473542,1.5107582280180327,Iris-versicolor
63.042409549622796,6.010717884379099,2.166576151083523,4.003204315444768,1.0339816491618017,Iris-versicolor
63.94890039157401,5.990929976777009,2.95979032900419,4.705841021189615,1.4331014675667977,Iris-versicolor
64.97495494023711,5.6374663124250475,2.949647348498225,3.5655902402726927,1.2551807959807206,Iris-versicolor
66.02028631896239,6.742861877763807,3.1252749482326303,4.400679152122687,1.3914538684627336,Iris-versicolor
66.9128048193736,5.626106393120789,2.9139718163058235,4.46878888850754,1.4934147456617877,Iris-versicolor
68.0718897792596,5.7911681825255386,2.7277651834390526,4.145700324740395,0.9145325130472138,Iris-versicolor
69.12437179746377,6.248169236752203,2.221184664300004,4.481010129881883,1.5766420732015647,Iris-versicolor
69.94896287164391,5.52650384428203,2.5375526381901565,3.9416822975127412,1.1728944814126563,Iris-versicolor
70.94242497046073,5.946132233413641,3.2820195338756273,4.80777363361163,1.775122766026188,Iris-versicolor
71.915359536399,6.075685709970499,2.8345067974046536,3.936523682031938,1.0953407042507202,Iris-versicolor
73.04818209128628,6.33251303012813,2.5451411943790374,4.983428799335063,1.4925698880002085,Iris-versicolor
74.05794940191328,5.994670887388183,2.8740759602359907,4.760196201778315,1.251143874592227,Iris-versicolor
75.00357159861248,6.433910501268674,2.8986503816715237,4.388937430584862,1.3175649408280532,Iris-versicolor
76.0419095974178,6.564802664800869,3.0798043186233217,4.419398132788096,1.4030657550223784,Iris-versicolor
76.98203528153326,6.793878287415002,2.7533957403516007,4.7570802336806715,1.351255042589122,Iris-versicolor
78.05202163501278,6.747842416098118,3.024547048998695,5.018677677284262,1.7632008761849844,Iris-versicolor
78.96908425689695,6.019551135139657,2.8475530673663636,4.3560223311937065,1.435547967990971,Iris-versicolor
79.97867151978448,5.672333896681359,2.650070933697896,3.4920507218557404,0.9982416401781219,Iris-versicolor
80.94889383099793,5.51092110722267,2.4568598035659686,3.710108868510808,1.1033068420165817,Iris-versicolor
82.04483568825046,5.44642026196175,2.3495311800157292,3.6407351026539656,1.0238071290167283,Iris-versicolor
83.08077646393508,5.8438705014877526,2.7184047162366873,3.9373847354210203,1.1821353294483472,Iris-versicolor
84.03536875732281,5.908273653288127,2.7964313761018174,5.125308710449334,1.5757387304218065,Iris-versicolor
84.95395786552285,5.413839753005904,2.940188630545627,4.50356236272163,1.464065561058024,Iris-versicolor
85.98314837851248,6.0175102512215775,3.357405124972381,4.5704057202708,1.6242906235708037,Iris-versicolor
87.03119651150503,6.676174614919166,3.092102645115519,4.670135834588124,1.6007283553628993,Iris-versicolor
88.02784328132702,6.345580971908952,2.2334517958780506,4.3679507746527655,1.29394453557567,Iris-versicolor
89.08567721034547,5.6089690839069375,2.9514615435232465,4.046774950619376,1.2613685406038786,Iris-versicolor
90.03882469419862,5.491474116623403,2.504235556756177,3.98800040048674,1.202596390364811,Iris-versicolor
90.96443154311324,5.520772137019623,2.6002131404955118,4.300258367998484,1.2035647375513105,Iris-versicolor
91.97690720023883,6.080177977545154,3.0245964268800423,4.543058256119556,1.4260356078878367,Iris-versicolor
92.98110288938122,5.802622453492362,2.669967810258454,4.008184683937045,1.2311625860905198,Iris-versicolor
94.02726204786381,5.079514268329562,2.2403138954292037,3.27534832880573,1.0207164058378833,Iris-versicolor
94.92739770502506,5.525569225862918,2.7484228050586146,4.213233468266982,1.2957999574328027,Iris-versicolor
96.02076821357863,5.61189299730844,2.9363250489170394,4.1915193201075285,1.2240905594049964,Iris-versicolor
96.96145742738166,5.7182668020739005,2.9031481179484175,4.144411114798473,1.3173756549978182,Iris-versicolor
97.89573468056842,6.16576681416905,2.894963841058309,4.256799345117774,1.34885414304449,Iris-versicolor
98.94049901361828,5.09685794968462,2.5673069103530692,2.9925613062794265,1.0934491956271044,Iris-versicolor
99.98345715788803,5.687666280353926,2.752028071465116,4.073491960578892,1.2791275588293987,Iris-versicolor
100.99391086988159,6.2987638819989895,3.328475906911965,6.022777448817933,2.554281765813493,Iris-virginica
101.98721505371402,5.88876968266361,2.6473505452939126,5.111763584935324,1.8994939923877139,Iris-virginica
102.95644938043624,7.101221249472161,3.031806989720528,5.970066918803609,2.0165563506925044,Iris-virginica
103.97687859960475,6.255053881781803,2.9568234017343267,5.641449531625558,1.7964393346800414,Iris-virginica
105.05521776091297,6.516231288897499,2.9432979325734943,5.751691514014564,2.170592043856329,Iris-virginica
106.00642498394606,7.562893947014646,2.9681602058772887,6.517051822478522,2.090012929854922,Iris-virginica
107.02856462040887,4.902687008944505,2.4437835980826663,4.457623073132862,1.684670039817277,Iris-virginica
107.9189220741652,7.346828828903425,2.9294403192660563,6.260704147135815,1.7747632189942482,Iris-virginica
109.06252168724683,6.6885031565399435,2.404645626187155,5.9089413626381,1.8462120930472903,Iris-virginica
109.9920851313537,7.233516256559668,3.566383642977205,6.128914886522557,2.5577157118239193,Iris-virginica
111.02800573361294,6.569996973275795,3.098810987747016,5.148304747715467,2.1118770751068086,Iris-virginica
112.06289862129668,6.539371567880726,2.6749269790309587,5.32030384760803,1.92381824018378,Iris-virginica
113.03424344713498,6.800742905078897,2.9788740100567206,5.482532179246384,2.1104976045962762,Iris-virginica
114.02034468548702,5.629645386020147,2.533206324508303,5.011891140463942,1.9798039188410665,Iris-virginica
114.90273264460559,5.778774799930138,2.8231882599114067,5.1221979475148,2.3422409862785547,Iris-virginica
116.01387066316425,6.397091278135962,3.220870078642791,5.362617329019685,2.30665128550879,Iris-virginica
117.01615890068547,6.563098875034277,2.983165334155654,5.447407922542477,1.8033689196927205,Iris-virginica
117.94579877016174,7.636472514705762,3.7196705472096285,6.676739849410671,2.083990727793975,Iris-virginica
118.95176956842144,7.644473991020268,2.6904436291776137,6.851009898172211,2.3343764524389314,Iris-virginica
119.95246137857679,5.983235555758363,2.174362108375165,4.933353761567412,1.4168836462606347,Iris-virginica
121.00782676253618,6.916716898615514,3.199540853324421,5.7128563106920085,2.240106642629093,Iris-virginica
121.98822871511156,5.5983484548983995,2.7163607158341336,4.90438836990878,2.026253665993589,Iris-virginica
122.91710444453294,7.681707691127363,2.8234019867125477,6.644808783019699,2.031226438520542,Iris-virginica
124.04824230191879,6.25698257724973,2.6492817942944464,4.864583900144137,1.911198322679125,Iris-virginica
125.05704220412844,6.676251021257885,3.25673488616543,5.690934325532664,2.151892154018213,Iris-virginica
126.0267199388767,7.155189321507934,3.2200118780826164,5.971354398138333,1.788061572796943,Iris-virginica
127.01457437842244,6.1701722167994255,2.759428895616375,4.8405732854031545,1.8039286775242334,Iris-virginica
128.0166282782552,5.990013679629801,2.9910628518307107,4.893281729676652,1.7631086664819555,Iris-virginica
129.02951923828186,6.488666652599094,2.8836705615960003,5.59930046814377,2.16166890347644,Iris-virginica
129.99535520752048,7.159298022311541,2.9284803041274623,5.798132952789143,1.5850881261086602,Iris-virginica
131.0204448693783,7.431847429400527,2.799369472274844,6.08241235739491,1.940966019088758,Iris-virginica
132.04737005478992,7.938081289133678,3.8336937049668096,6.39513059628799,1.948385711324135,Iris-virginica
132.93865855326143,6.414633018667839,2.7758887829840426,5.560115229401363,2.1533172557597693,Iris-virginica
133.99372775109825,6.337365521492351,2.857653515358367,5.076827391187016,1.4473556747674337,Iris-virginica
134.934810571117,6.09951495959561,2.702049574652317,5.61869905182231,1.391403909371204,Iris-virginica
136.03304720306522,7.802802272832254,3.084439759355123,6.140992729331992,2.2763030086149123,Iris-virginica
136.94905421571693,6.330854130888004,3.4234730117971175,5.487848924613935,2.3968493142509817,Iris-virginica
138.07537435978185,6.471510055740302,3.1292184214112755,5.525799998644532,1.772548901641884,Iris-virginica
139.00586811236258,5.994715887496581,2.8825352289141937,4.832863679011045,1.7106833185042956,Iris-virginica
139.93294405454307,6.837153314613258,3.111935207073623,5.395985452071935,2.13975100062255,Iris-virginica
141.01309975752466,6.811835553161803,3.070770836924124,5.666779141193567,2.3597888937255482,Iris-virginica
142.0338968001646,6.800900813233098,3.0531372442844513,5.092306380398663,2.331007536603968,Iris-virginica
143.01375411445892,5.761183839689549,2.7810044256388884,5.139217022358543,1.8379940368964094,Iris-virginica
143.98372765834998,6.807690172937883,3.2857777186552988,5.911633704173275,2.210957512735451,Iris-virginica
144.9966398807377,6.636407255926827,3.285182805314294,5.654164667818332,2.6123057887214336,Iris-virginica
145.96601036611148,6.784031433230282,2.9960717699291672,5.225164860581872,2.267895207653987,Iris-virginica
147.09694060914487,6.185838752338039,2.507226924175709,4.982966519754206,1.8959327171971032,Iris-virginica
148.08148968527433,6.511179697900214,3.0115686115852967,5.195455430100812,1.9593389119204012,Iris-virginica
149.01884810623469,6.251006793024054,3.3623026025062273,5.364628506395328,2.3188277880819976,Iris-virginica
149.95482367050406,5.936016513563337,3.021127182270016,5.11660628993255,1.8240851991351954,Iris-virginica
1.0012223399193798,5.04509630655492,3.477619829506367,1.348788901350315,0.17668125099908483,Iris-setosa
1.968731096644264,4.8431470349479815,2.957966322760893,1.5077535399010387,0.23845068537506528,Iris-setosa
2.9766818856254345,4.627462422160521,3.2357684961364153,1.3773284614022816,0.1298855391852272,Iris-setosa
4.018645366090627,4.566028357161006,3.08596180283848,1.462387465813437,0.26944255334487754,Iris-setosa
4.946387829846946,5.015830322200282,3.613044832236072,1.4395559994394604,0.162529443756545,Iris-setosa
6.011970226140356,5.464653374025201,3.8231705515617613,1.7903538834314494,0.43343078075647234,Iris-setosa
7.0470255967715625,4.532995953240366,3.4068014493982495,1.3673380909582877,0.27107202518932555,Iris-setosa
7.947518370723786,4.889766478668011,3.444225274209144,1.5314990991809736,0.13862791269097427,Iris-setosa
9.002221215204242,4.411512590613665,2.9290293073243583,1.4006835406017917,0.18291250438724185,Iris-setosa
9.948471157511948,4.970321465122206,3.131462363621139,1.5196028175833955,0.07544523686804441,Iris-setosa
10.930566023725088,5.3887616637979585,3.6524567269222397,1.5982804824779333,0.13922022616896954,Iris-setosa
12.000124959474542,4.792794204661092,3.3736221723710473,1.4832097492720349,0.25495974336321675,Iris-setosa
12.962238323828672,4.859772861694392,2.899438066236114,1.434201507963995,0.11758258588730261,Iris-setosa
14.009009710951723,4.2992456992716175,2.9819262753127482,1.0749782736613749,0.09831855413681405,Iris-setosa
14.89911055509417,5.811044660510641,4.016505689957497,1.189962003197835,0.17553924455909042,Iris-setosa
15.962924875892641,5.749742430945601,4.3971975569561685,1.5159080866327657,0.41532644017947973,Iris-setosa
17.026691328244386,5.465980992727851,3.930115848018235,1.3202662681979944,0.39775124318474503,Iris-setosa
18.060550719326383,5.142997391418129,3.4740403272772324,1.4677658763948371,0.3785886867132027,Iris-setosa
19.037536091007535,5.6998245609803435,3.884138681243559,1.7235812293676283,0.32091406723941274,Iris-setosa
19.947921883069764,5.10614503530734,3.7708978892553486,1.506046157468901,0.3260078999087827,Iris-setosa
21.0741976180543,5.436140366339131,3.455338703963435,1.6895694203353686,0.17194243596788322,Iris-setosa
21.88174509631862,5.106512458784761,3.6346180353136512,1.4780266922296612,0.40006261929841574,Iris-setosa
23.05184075529493,4.654785836839841,3.5532782756934735,1.0417708822121337,0.23578277282290352,Iris-setosa
23.998717421175837,5.079756941014454,3.3967932971890615,1.6976057936731572,0.4874838878476397,Iris-setosa
25.098553718551784,4.853862976589946,3.2588700914757434,1.897342564094125,0.17285831516381606,Iris-setosa
26.00126817427297,4.955297253931036,3.010201778672113,1.5163487538976992,0.2321658878953865,Iris-setosa
26.969789495763106,5.016409069631887,3.4051155725705806,1.6016916042934772,0.451885177451058,Iris-setosa
27.966738741856304,5.14047266830971,3.4902437316267383,1.4309169756170588,0.20659624116310227,Iris-setosa
28.9879205411547,5.270059747173635,3.388394381985133,1.3716161524919803,0.14534981442641004,Iris-setosa
30.000747967706495,4.696828533096888,3.209420740664528,1.6080423956863958,0.13490447021779708,Iris-setosa
30.95720307432289,4.797880260505702,3.1173518497622537,1.7250505665320124,0.2786079711187182,Iris-setosa
32.053522598769966,5.35993121242158,3.310532993190036,1.4648298346526811,0.462088656284361,Iris-setosa
32.956835649426395,5.228479127906522,4.1029883763306865,1.5241819354512527,0.033133899231205494,Iris-setosa
33.89778143509528,5.468675209961193,4.2085322620354875,1.3838680429413417,0.15351811405500002,Iris-setosa
35.004972083532174,4.863917310093129,3.0905265223449185,1.479157760102797,0.1476624465584761,Iris-setosa
35.9746012044743,4.988827108560112,3.1206951332346065,1.2421065409605843,0.27146807822600877,Iris-setosa
36.95317902535951,5.485765561814972,3.506487613245925,1.2723193894164426,0.18705509277635488,Iris-setosa
37.95316040299128,4.954768655700816,3.0934748448275706,1.4998589541766185,0.15197091959294567,Iris-setosa
38.94138466603338,4.376908023074267,2.9978089533040357,1.286163253836622,0.15110180782089222,Iris-setosa
40.083549773577154,5.086427204571676,3.480674955731006,1.5172025315914226,0.20480781804094564,Iris-setosa
41.00072753183043,5.078184119340279,3.553536453855321,1.3107579044435955,0.2772453874417182,Iris-setosa
41.997103117730134,4.473618488965605,2.287526508302617,1.261021465182178,0.3049488247279676,Iris-setosa
42.98930827990164,4.397766127764214,3.1899142894703756,1.293216155395928,0.2586798350085365,Iris-setosa
44.00274618185007,4.999372389722281,3.491089806248444,1.6191028729850625,0.6119572729318324,Iris-setosa
45.04560140726259,5.1102702269338005,3.871303489361291,1.9204185385223513,0.4818411033421998,Iris-setosa
46.01611756322536,4.758746008706317,3.002079536588677,1.3957900416184332,0.29465543454412735,Iris-setosa
46.96174401428984,5.084778626016611,3.729840522301568,1.6598364049736298,0.30130278732630106,Iris-setosa
47.954374414021785,4.5982969995791425,3.193839170955767,1.4015341664017693,0.17489757043553408,Iris-setosa
49.034089441778896,5.246511132924773,3.741541011033652,1.4477721340736038,0.15357156123063131,Iris-setosa
49.99387023205352,5.042459773801318,3.3249059192951522,1.4553702645984026,0.1847837801764013,Iris-setosa
51.06462534509764,7.065682915936703,3.195138718308081,4.719353712977609,1.3958372743697014,Iris-versicolor
51.937952986206774,6.470841567141961,3.2637724435745956,4.49389144023435,1.4875744018595733,Iris-versicolor
53.029412607344405,6.762298910188266,3.2230185546119943,4.850961359418399,1.5603578244650074,Iris-versicolor
54.09790043151995,5.516895330599591,2.3336329173137074,4.030258392029355,1.3016527032559135,Iris-versicolor
55.029294654806115,6.493039576608174,2.724365925104572,4.515053103835227,1.4594323044233615,Iris-versicolor
55.973051235294946,5.76352798499205,2.784263259165315,4.5126830084790335,1.302125469298899,Iris-versicolor
56.979954814181035,6.241504900570716,3.264327486339282,4.76042479009783,1.6128487847763169,Iris-versicolor
58.13507023693109,4.958040783577439,2.397410224495009,3.324643615694619,0.958615124231269,Iris-versicolor
58.929826441413894,6.571139792723533,3.048026903846965,4.626944958224837,1.2015964289592544,Iris-versicolor
60.00890569220291,5.141846028507681,2.7036904819829433,3.8598986311873884,1.406184190632422,Iris-versicolor
61.044092838720644,5.028875758523484,2.027418367503967,3.4593638584112245,0.938808320822062,Iris-versicolor
61.996377201178774,5.815365577518197,3.066332627535889,4.199477107213496,1.5109246378723629,Iris-versicolor
62.96332307371911,5.9049484664811684,2.1812314462247344,4.0329803815822185,0.9734205778633371,Iris-versicolor
64.03848840134953,6.157061264707941,2.910179126138296,4.711680503451873,1.5139600269499662,Iris-versicolor
64.98018520362744,5.672459866885936,2.891734401463643,3.661175116307929,1.3591751005676693,Iris-versicolor
65.93214539822873,6.773522770877135,3.136199424396034,4.41929450346904,1.4078914800611237,Iris-versicolor
67.10407256943239,5.601766348178925,3.0253329030730747,4.4304924538096415,1.499434773410638,Iris-versicolor
68.02094601918992,5.756714945422719,2.7219849540986907,4.133267199964614,1.032454598511843,Iris-versicolor
68.95030091813717,6.237950774555057,2.2576175660716102,4.528576859671903,1.507295382746785,Iris-versicolor
69.9930928254438,5.609813252299087,2.496146173587231,3.82236224905269,1.085170765431674,Iris-versicolor
71.01756996130855,5.806538227975789,3.176712864709066,4.853288510019311,1.8661140584800089,Iris-versicolor
71.9824177572498,6.13830087249391,2.837315499074734,3.995200871141603,1.314805266978956,Iris-versicolor
73.0137849551975,6.347237348997329,2.484144116986224,4.879752233025425,1.5356332213167825,Iris-versicolor
74.00226707888103,6.125216377998181,2.825092332912408,4.676540440345284,1.0958709202276846,Iris-versicolor
75.03810073911657,6.319480290272555,2.973150821954721,4.238804098223721,1.3839340090364987,Iris-versicolor
76.08829266758802,6.475217536690588,2.9499941520343462,4.47571634102128,1.3482779256575532,Iris-versicolor
77.03291302833092,6.732732838251827,2.817156931885502,4.774614309912328,1.3454132503545526,Iris-versicolor
77.94322455156914,6.7543970855652855,2.9828354735810163,4.94986190217388,1.6570108927272917,Iris-versicolor
79.12092372966657,6.045455578304754,2.9625775311195386,4.568012361358512,1.5303802083886924,Iris-versicolor
80.04434199457714,5.616031523766349,2.586640432097593,3.5054651268307184,1.0108055013776729,Iris-versicolor
80.9530883244687,5.517996493324899,2.4334905279616534,3.778598661454726,1.1003310318433706,Iris-versicolor
82.02835295112513,5.490240393264988,2.4939036823258434,3.730146700237134,0.9285548783124857,Iris-versicolor
83.08018400207438,5.751453247687494,2.620530872776835,3.959084742393077,1.1905507450060482,Iris-versicolor
83.92287424036782,5.978895791511028,2.7308787264953174,5.074810039210529,1.5627130790509156,Iris-versicolor
85.04477592682396,5.3629496525725315,3.030557756773644,4.463197582311558,1.5258870349233533,Iris-versicolor
86.04706401448063,5.965521151172952,3.3891182316668047,4.512172312583302,1.611325279543391,Iris-versicolor
86.9326866354536,6.694132069811065,3.154759012251078,4.73450679305839,1.5505738525927533,Iris-versicolor
87.98771134002901,6.325879879712126,2.231847987736896,4.381896464119257,1.2719441239957214,Iris-versicolor
88.90954483220456,5.580220630753265,3.03199889203876,4.073099146886253,1.261339125977569,Iris-versicolor
89.99357762187502,5.514088154641438,2.3359773726660933,3.9712001498741687,1.4860993581610793,Iris-versicolor
90.93416767316381,5.378902792694557,2.575646260880381,4.418393516960115,1.247379742575265,Iris-versicolor
91.95021177341373,6.114531445010725,2.983178735453911,4.650641750792126,1.3779273150874933,Iris-versicolor
93.03850066478198,5.66786820441695,2.647473049035756,3.930793057731203,1.153608940680575,Iris-versicolor
93.9545330716093,5.010815645963713,2.339375492377858,3.3432485942100287,0.913163242241823,Iris-versicolor
95.01747454170209,5.569714019402183,2.725523410888083,4.174745390787242,1.307269276176252,Iris-versicolor
96.1164330772749,5.672234060302293,2.9928010496907094,4.240392658428006,1.1336979297019183,Iris-versicolor
96.89845759085306,5.752416546973842,2.9644651003390123,4.138709205903828,1.2677921522884823,Iris-versicolor
98.12655200438999,6.137027270276109,2.844426770315508,4.328327684905218,1.2747980609991354,Iris-versicolor
99.02944435241761,5.048460465436207,2.5252094216662138,2.9619223703708824,1.16359025823342,Iris-versicolor
99.95654742987915,5.746783341401799,2.8377630765221675,4.062743946344131,1.395970355924908,Iris-versicolor
